This is pdfTeX, Version 3.141592653-2.6-1.40.29 (MiKTeX 26.1) (preloaded format=pdflatex 2026.2.4)  8 JUL 2026 12:33
entering extended mode
 restricted \write18 enabled.
 %&-line parsing enabled.
**./Proyecto.tex
(Proyecto.tex
LaTeX2e <2025-06-01> patch level 1
L3 programming layer <2025-08-13>
(C:\Users\david\AppData\Local\Programs\MiKTeX\tex/latex/base\article.cls
Document Class: article 2025/01/22 v1.4n Standard LaTeX document class
(C:\Users\david\AppData\Local\Programs\MiKTeX\tex/latex/base\size12.clo
File: size12.clo 2025/01/22 v1.4n Standard LaTeX file (size option)
)
\c@part=\count275
\c@section=\count276
\c@subsection=\count277
\c@subsubsection=\count278
\c@paragraph=\count279
\c@subparagraph=\count280
\c@figure=\count281
\c@table=\count282
\abovecaptionskip=\skip49
\belowcaptionskip=\skip50
\bibindent=\dimen148
)
(C:\Users\david\AppData\Local\Programs\MiKTeX\tex/latex/base\inputenc.sty
Package: inputenc 2024/02/08 v1.3d Input encoding file
\inpenc@prehook=\toks17
\inpenc@posthook=\toks18
)
(C:\Users\david\AppData\Local\Programs\MiKTeX\tex/latex/psnfss\times.sty
Package: times 2020/03/25 PSNFSS-v9.3 (SPQR) 
)
(C:\Users\david\AppData\Local\Programs\MiKTeX\tex/latex/geometry\geometry.sty
Package: geometry 2020/01/02 v5.9 Page Geometry

(C:\Users\david\AppData\Local\Programs\MiKTeX\tex/latex/graphics\keyval.sty
Package: keyval 2022/05/29 v1.15 key=value parser (DPC)
\KV@toks@=\toks19
)
(C:\Users\david\AppData\Local\Programs\MiKTeX\tex/generic/iftex\ifvtex.sty
Package: ifvtex 2019/10/25 v1.7 ifvtex legacy package. Use iftex instead.

(C:\Users\david\AppData\Local\Programs\MiKTeX\tex/generic/iftex\iftex.sty
Package: iftex 2024/12/12 v1.0g TeX engine tests
))
\Gm@cnth=\count283
\Gm@cntv=\count284
\c@Gm@tempcnt=\count285
\Gm@bindingoffset=\dimen149
\Gm@wd@mp=\dimen150
\Gm@odd@mp=\dimen151
\Gm@even@mp=\dimen152
\Gm@layoutwidth=\dimen153
\Gm@layoutheight=\dimen154
\Gm@layouthoffset=\dimen155
\Gm@layoutvoffset=\dimen156
\Gm@dimlist=\toks20

(C:\Users\david\AppData\Local\Programs\MiKTeX\tex/latex/geometry\geometry.cfg))
(C:\Users\david\AppData\Local\Programs\MiKTeX\tex/generic/babel\babel.sty
Package: babel 2026/01/26 v26.2 The multilingual framework for LuaLaTeX, pdfLaT
eX and XeLaTeX
\babel@savecnt=\count286
LaTeX Encoding Info:    Redeclaring text command \ij (encoding OT1) on input li
ne 2078.
LaTeX Encoding Info:    Redeclaring text command \IJ (encoding OT1) on input li
ne 2080.
LaTeX Encoding Info:    Redeclaring text command \ij (encoding T1) on input lin
e 2082.
LaTeX Encoding Info:    Redeclaring text command \IJ (encoding T1) on input lin
e 2083.
LaTeX Encoding Info:    Ignoring declaration for text command \ij (encoding ?) 
on input line 2084.
LaTeX Encoding Info:    Ignoring declaration for text command \IJ (encoding ?) 
on input line 2086.
LaTeX Encoding Info:    Ignoring declaration for text command \SS (encoding ?) 
on input line 2111.
\U@D=\dimen157
\l@unhyphenated=\language79

(C:\Users\david\AppData\Local\Programs\MiKTeX\tex/generic/babel\txtbabel.def)
\bbl@readstream=\read2
\bbl@dirlevel=\count287
Package babel Info: Configuration files are deprecated, as
(babel)             they can break document portability.
(babel)             Reported on input line 4206.

*************************************
* Local config file bblopts.cfg used
*
(C:\Users\david\AppData\Local\Programs\MiKTeX\tex/latex/arabi\bblopts.cfg
File: bblopts.cfg 2005/09/08 v0.1 add Arabic and Farsi to "declared" options of
 babel
)
(C:\Users\david\AppData\Local\Programs\MiKTeX\tex/generic/babel/locale/es\babel
-spanish.tex)
Package babel Info: Importing font and identification data for spanish
(babel)             from babel-es.ini. Reported on input line 4330.

(C:\Users\david\AppData\Local\Programs\MiKTeX\tex/latex/babel-spanish\spanish.l
df
Language: spanish.ldf 2021/05/27 v5.0q Spanish support from the babel system
\es@quottoks=\toks21
\es@quotdepth=\count288
Package babel Info: Making " an active character on input line 570.
Package babel Info: Making . an active character on input line 675.
Package babel Info: Making < an active character on input line 722.
Package babel Info: Making > an active character on input line 722.
))
LaTeX Encoding Info:    Redeclaring text command \guillemotleft (encoding OT1) 
on input line 6.
LaTeX Encoding Info:    Redeclaring text command \guillemotright (encoding OT1)
 on input line 6.

(C:\Users\david\AppData\Local\Programs\MiKTeX\tex/latex/csquotes\csquotes.sty
Package: csquotes 2024-04-04 v5.2o context-sensitive quotations (JAW)

(C:\Users\david\AppData\Local\Programs\MiKTeX\tex/latex/etoolbox\etoolbox.sty
Package: etoolbox 2025/02/11 v2.5l e-TeX tools for LaTeX (JAW)
\etb@tempcnta=\count289
)
\csq@reset=\count290
\csq@gtype=\count291
\csq@glevel=\count292
\csq@qlevel=\count293
\csq@maxlvl=\count294
\csq@tshold=\count295
\csq@ltx@everypar=\toks22

(C:\Users\david\AppData\Local\Programs\MiKTeX\tex/latex/csquotes\csquotes.def
File: csquotes.def 2024-04-04 v5.2o csquotes generic definitions (JAW)
)
Package csquotes Info: Trying to load configuration file 'csquotes.cfg'...
Package csquotes Info: ... configuration file loaded successfully.

(C:\Users\david\AppData\Local\Programs\MiKTeX\tex/latex/csquotes\csquotes.cfg
File: csquotes.cfg 
)) (C:\Users\david\AppData\Local\Programs\MiKTeX\tex/latex/biblatex\biblatex.st
y
Package: biblatex 2025/07/10 v3.21 programmable bibliographies (PK/MW)

(C:\Users\david\AppData\Local\Programs\MiKTeX\tex/generic/pdftexcmds\pdftexcmds
.sty
Package: pdftexcmds 2020-06-27 v0.33 Utility functions of pdfTeX for LuaTeX (HO
)

(C:\Users\david\AppData\Local\Programs\MiKTeX\tex/generic/infwarerr\infwarerr.s
ty
Package: infwarerr 2019/12/03 v1.5 Providing info/warning/error messages (HO)
)
(C:\Users\david\AppData\Local\Programs\MiKTeX\tex/generic/ltxcmds\ltxcmds.sty
Package: ltxcmds 2023-12-04 v1.26 LaTeX kernel commands for general use (HO)
)
Package pdftexcmds Info: \pdf@primitive is available.
Package pdftexcmds Info: \pdf@ifprimitive is available.
Package pdftexcmds Info: \pdfdraftmode found.
)
(C:\Users\david\AppData\Local\Programs\MiKTeX\tex/latex/kvoptions\kvoptions.sty
Package: kvoptions 2022-06-15 v3.15 Key value format for package options (HO)

(C:\Users\david\AppData\Local\Programs\MiKTeX\tex/latex/kvsetkeys\kvsetkeys.sty
Package: kvsetkeys 2022-10-05 v1.19 Key value parser (HO)
)) (C:\Users\david\AppData\Local\Programs\MiKTeX\tex/latex/logreq\logreq.sty
Package: logreq 2010/08/04 v1.0 xml request logger
\lrq@indent=\count296

(C:\Users\david\AppData\Local\Programs\MiKTeX\tex/latex/logreq\logreq.def
File: logreq.def 2010/08/04 v1.0 logreq spec v1.0
))
(C:\Users\david\AppData\Local\Programs\MiKTeX\tex/latex/base\ifthen.sty
Package: ifthen 2024/03/16 v1.1e Standard LaTeX ifthen package (DPC)
)
(C:\Users\david\AppData\Local\Programs\MiKTeX\tex/latex/url\url.sty
\Urlmuskip=\muskip17
Package: url 2013/09/16  ver 3.4  Verb mode for urls, etc.
)
\c@tabx@nest=\count297
\c@listtotal=\count298
\c@listcount=\count299
\c@liststart=\count300
\c@liststop=\count301
\c@citecount=\count302
\c@citetotal=\count303
\c@multicitecount=\count304
\c@multicitetotal=\count305
\c@instcount=\count306
\c@maxnames=\count307
\c@minnames=\count308
\c@maxitems=\count309
\c@minitems=\count310
\c@citecounter=\count311
\c@maxcitecounter=\count312
\c@savedcitecounter=\count313
\c@uniquelist=\count314
\c@uniquename=\count315
\c@refsection=\count316
\c@refsegment=\count317
\c@maxextratitle=\count318
\c@maxextratitleyear=\count319
\c@maxextraname=\count320
\c@maxextradate=\count321
\c@maxextraalpha=\count322
\c@abbrvpenalty=\count323
\c@highnamepenalty=\count324
\c@lownamepenalty=\count325
\c@maxparens=\count326
\c@parenlevel=\count327
\blx@tempcnta=\count328
\blx@tempcntb=\count329
\blx@tempcntc=\count330
\c@blx@maxsection=\count331
\blx@maxsegment@0=\count332
\blx@notetype=\count333
\blx@parenlevel@text=\count334
\blx@parenlevel@foot=\count335
\blx@sectionciteorder@0=\count336
\blx@sectionciteorderinternal@0=\count337
\blx@entrysetcounter=\count338
\blx@biblioinstance=\count339
\labelnumberwidth=\skip51
\labelalphawidth=\skip52
\biblabelsep=\skip53
\bibitemsep=\skip54
\bibnamesep=\skip55
\bibinitsep=\skip56
\bibparsep=\skip57
\bibhang=\skip58
\blx@bcfin=\read3
\blx@bcfout=\write3
\blx@langwohyphens=\language80
\c@mincomprange=\count340
\c@maxcomprange=\count341
\c@mincompwidth=\count342
Package biblatex Info: Trying to load biblatex default data model...
Package biblatex Info: ... file 'blx-dm.def' found.

(C:\Users\david\AppData\Local\Programs\MiKTeX\tex/latex/biblatex\blx-dm.def
File: blx-dm.def 2025/07/10 v3.21 biblatex datamodel (PK/MW)
)
Package biblatex Info: Trying to load biblatex style data model...
Package biblatex Info: ... file 'apa.dbx' found.

(C:\Users\david\AppData\Local\Programs\MiKTeX\tex/latex/biblatex-apa\apa.dbx
File: apa.dbx 2025/08/27 v9.20 APA biblatex style data model
)
Package biblatex Info: Trying to load biblatex custom data model...
Package biblatex Info: ... file 'biblatex-dm.cfg' not found.
\c@afterword=\count343
\c@savedafterword=\count344
\c@annotator=\count345
\c@savedannotator=\count346
\c@author=\count347
\c@savedauthor=\count348
\c@bookauthor=\count349
\c@savedbookauthor=\count350
\c@commentator=\count351
\c@savedcommentator=\count352
\c@editor=\count353
\c@savededitor=\count354
\c@editora=\count355
\c@savededitora=\count356
\c@editorb=\count357
\c@savededitorb=\count358
\c@editorc=\count359
\c@savededitorc=\count360
\c@foreword=\count361
\c@savedforeword=\count362
\c@holder=\count363
\c@savedholder=\count364
\c@introduction=\count365
\c@savedintroduction=\count366
\c@namea=\count367
\c@savednamea=\count368
\c@nameb=\count369
\c@savednameb=\count370
\c@namec=\count371
\c@savednamec=\count372
\c@translator=\count373
\c@savedtranslator=\count374
\c@shortauthor=\count375
\c@savedshortauthor=\count376
\c@shorteditor=\count377
\c@savedshorteditor=\count378
\c@narrator=\count379
\c@savednarrator=\count380
\c@execproducer=\count381
\c@savedexecproducer=\count382
\c@execdirector=\count383
\c@savedexecdirector=\count384
\c@with=\count385
\c@savedwith=\count386
\c@labelname=\count387
\c@savedlabelname=\count388
\c@institution=\count389
\c@savedinstitution=\count390
\c@lista=\count391
\c@savedlista=\count392
\c@listb=\count393
\c@savedlistb=\count394
\c@listc=\count395
\c@savedlistc=\count396
\c@listd=\count397
\c@savedlistd=\count398
\c@liste=\count399
\c@savedliste=\count400
\c@listf=\count401
\c@savedlistf=\count402
\c@location=\count403
\c@savedlocation=\count404
\c@organization=\count405
\c@savedorganization=\count406
\c@origlocation=\count407
\c@savedoriglocation=\count408
\c@origpublisher=\count409
\c@savedorigpublisher=\count410
\c@publisher=\count411
\c@savedpublisher=\count412
\c@language=\count413
\c@savedlanguage=\count414
\c@origlanguage=\count415
\c@savedoriglanguage=\count416
\c@citation=\count417
\c@savedcitation=\count418
\c@pageref=\count419
\c@savedpageref=\count420
\shorthandwidth=\skip59
\shortjournalwidth=\skip60
\shortserieswidth=\skip61
\shorttitlewidth=\skip62
\shortauthorwidth=\skip63
\shorteditorwidth=\skip64
\locallabelnumberwidth=\skip65
\locallabelalphawidth=\skip66
\localshorthandwidth=\skip67
\localshortjournalwidth=\skip68
\localshortserieswidth=\skip69
\localshorttitlewidth=\skip70
\localshortauthorwidth=\skip71
\localshorteditorwidth=\skip72
Package biblatex Info: Trying to load compatibility code...
Package biblatex Info: ... file 'blx-compat.def' found.

(C:\Users\david\AppData\Local\Programs\MiKTeX\tex/latex/biblatex\blx-compat.def
File: blx-compat.def 2025/07/10 v3.21 biblatex compatibility (PK/MW)
)
Package biblatex Info: Trying to load generic definitions...
Package biblatex Info: ... file 'biblatex.def' found.
 (C:\Users\david\AppData\Local\Programs\MiKTeX\tex/latex/biblatex\biblatex.def
File: biblatex.def 2025/07/10 v3.21 biblatex compatibility (PK/MW)
\c@textcitecount=\count421
\c@textcitetotal=\count422
\c@textcitemaxnames=\count423
\c@biburlbigbreakpenalty=\count424
\c@biburlbreakpenalty=\count425
\c@biburlnumpenalty=\count426
\c@biburlucpenalty=\count427
\c@biburllcpenalty=\count428
\biburlbigskip=\muskip18
\biburlnumskip=\muskip19
\biburlucskip=\muskip20
\biburllcskip=\muskip21
\c@smartand=\count429
)
Package biblatex Info: Trying to load bibliography style 'apa'...
Package biblatex Info: ... file 'apa.bbx' found.
 (C:\Users\david\AppData\Local\Programs\MiKTeX\tex/latex/biblatex-apa\apa.bbx
File: apa.bbx 2025/08/27 v9.20 APA biblatex references style
Package biblatex Info: Trying to load bibliography style 'standard'...
Package biblatex Info: ... file 'standard.bbx' found.

(C:\Users\david\AppData\Local\Programs\MiKTeX\tex/latex/biblatex/bbx\standard.b
bx
File: standard.bbx 2025/07/10 v3.21 biblatex bibliography style (PK/MW)
\c@bbx:relatedcount=\count430
\c@bbx:relatedtotal=\count431
)
Package biblatex Info: Delimiter 'nameyeardelim' in context 'bib' already defin
ed, overwriting.
Package biblatex Info: Delimiter 'nameyeardelim' in context 'biblist' already d
efined, overwriting.
Package biblatex Info: Delimiter 'nonameyeardelim' in context 'bib' already def
ined, overwriting.
Package biblatex Info: Delimiter 'nonameyeardelim' in context 'biblist' already
 defined, overwriting.
)
Package biblatex Info: Trying to load citation style 'apa'...
Package biblatex Info: ... file 'apa.cbx' found.

(C:\Users\david\AppData\Local\Programs\MiKTeX\tex/latex/biblatex-apa\apa.cbx
File: apa.cbx 2025/08/27 v9.20 APA biblatex citation style
Package biblatex Info: Delimiter 'nameyeardelim' in context '' already defined,
 overwriting.
Package biblatex Info: Delimiter 'andothersdelim' in context '' already defined
, overwriting.
Package biblatex Info: Redefining '\fullcite'.
Package biblatex Info: Redefining '\citeauthor'.
Package biblatex Info: Redefining '\citeyear'.
Package biblatex Info: Redefining '\cite'.
Package biblatex Info: Redefining '\cites'.
Package biblatex Info: Redefining '\parencite'.
Package biblatex Info: Redefining '\parencites'.
Package biblatex Info: Redefining '\footcite'.
Package biblatex Info: Redefining '\footcites'.
Package biblatex Info: Redefining '\footcitetext'.
Package biblatex Info: Redefining '\footcitetexts'.
Package biblatex Info: Redefining '\smartcite'.
Package biblatex Info: Redefining '\smartcites'.
Package biblatex Info: Redefining '\textcite'.
Package biblatex Info: Redefining '\textcites'.
)
Package biblatex Info: Trying to load configuration file...
Package biblatex Info: ... file 'biblatex.cfg' found.

(C:\Users\david\AppData\Local\Programs\MiKTeX\tex/latex/biblatex\biblatex.cfg
File: biblatex.cfg 
)
Package biblatex Info: Input encoding 'utf8' detected.
Package biblatex Info: Document encoding is UTF8 ....

(C:\Users\david\AppData\Local\Programs\MiKTeX\tex/latex/l3kernel\expl3.sty
Package: expl3 2025-08-13 L3 programming layer (loader) 

(C:\Users\david\AppData\Local\Programs\MiKTeX\tex/latex/l3backend\l3backend-pdf
tex.def
File: l3backend-pdftex.def 2025-06-09 L3 backend support: PDF output (pdfTeX)
\l__color_backend_stack_int=\count432
))
Package biblatex Info: ... and expl3
(biblatex)             2025-08-13 L3 programming layer (loader) 
(biblatex)             is new enough (at least 2020/04/06),
(biblatex)             setting 'casechanger=expl3'.

(C:\Users\david\AppData\Local\Programs\MiKTeX\tex/latex/biblatex\blx-case-expl3
.sty
(C:\Users\david\AppData\Local\Programs\MiKTeX\tex/latex/l3packages/xparse\xpars
e.sty
Package: xparse 2024-08-16 L3 Experimental document command parser
)
Package: blx-case-expl3 2025/07/10 v3.21 expl3 case changing code for biblatex
))
(C:\Users\david\AppData\Local\Programs\MiKTeX\tex/latex/setspace\setspace.sty
Package: setspace 2022/12/04 v6.7b set line spacing
)
(C:\Users\david\AppData\Local\Programs\MiKTeX\tex/latex/graphics\graphicx.sty
Package: graphicx 2024/12/31 v1.2e Enhanced LaTeX Graphics (DPC,SPQR)

(C:\Users\david\AppData\Local\Programs\MiKTeX\tex/latex/graphics\graphics.sty
Package: graphics 2024/08/06 v1.4g Standard LaTeX Graphics (DPC,SPQR)

(C:\Users\david\AppData\Local\Programs\MiKTeX\tex/latex/graphics\trig.sty
Package: trig 2023/12/02 v1.11 sin cos tan (DPC)
)
(C:\Users\david\AppData\Local\Programs\MiKTeX\tex/latex/graphics-cfg\graphics.c
fg
File: graphics.cfg 2016/06/04 v1.11 sample graphics configuration
)
Package graphics Info: Driver file: pdftex.def on input line 106.

(C:\Users\david\AppData\Local\Programs\MiKTeX\tex/latex/graphics-def\pdftex.def
File: pdftex.def 2024/04/13 v1.2c Graphics/color driver for pdftex
))
\Gin@req@height=\dimen158
\Gin@req@width=\dimen159
)
(C:\Users\david\AppData\Local\Programs\MiKTeX\tex/latex/titlesec\titlesec.sty
Package: titlesec 2025/01/04 v2.17 Sectioning titles
\ttl@box=\box53
\beforetitleunit=\skip73
\aftertitleunit=\skip74
\ttl@plus=\dimen160
\ttl@minus=\dimen161
\ttl@toksa=\toks23
\titlewidth=\dimen162
\titlewidthlast=\dimen163
\titlewidthfirst=\dimen164
)
(C:\Users\david\AppData\Local\Programs\MiKTeX\tex/latex/tools\array.sty
Package: array 2025/06/08 v2.6j Tabular extension package (FMi)
\col@sep=\dimen165
\ar@mcellbox=\box54
\extrarowheight=\dimen166
\NC@list=\toks24
\extratabsurround=\skip75
\backup@length=\skip76
\ar@cellbox=\box55
)
(C:\Users\david\AppData\Local\Programs\MiKTeX\tex/latex/multirow\multirow.sty
Package: multirow 2024/11/12 v2.9 Span multiple rows of a table
\multirow@colwidth=\skip77
\multirow@cntb=\count433
\multirow@dima=\skip78
\bigstrutjot=\dimen167
)
(C:\Users\david\AppData\Local\Programs\MiKTeX\tex/latex/tools\multicol.sty
Package: multicol 2025/05/25 v2.0a multicolumn formatting (FMi)
\c@tracingmulticols=\count434
\mult@box=\box56
\multicol@leftmargin=\dimen168
\c@unbalance=\count435
\c@collectmore=\count436
\doublecol@number=\count437
\multicoltolerance=\count438
\multicolpretolerance=\count439
\full@width=\dimen169
\page@free=\dimen170
\premulticols=\dimen171
\postmulticols=\dimen172
\multicolsep=\skip79
\multicolbaselineskip=\skip80
\partial@page=\box57
\last@line=\box58
\mc@boxedresult=\box59
\maxbalancingoverflow=\dimen173
\mult@rightbox=\box60
\mult@grightbox=\box61
\mult@firstbox=\box62
\mult@gfirstbox=\box63
\@tempa=\box64
\@tempa=\box65
\@tempa=\box66
\@tempa=\box67
\@tempa=\box68
\@tempa=\box69
\@tempa=\box70
\@tempa=\box71
\@tempa=\box72
\@tempa=\box73
\@tempa=\box74
\@tempa=\box75
\@tempa=\box76
\@tempa=\box77
\@tempa=\box78
\@tempa=\box79
\@tempa=\box80
\@tempa=\box81
\@tempa=\box82
\@tempa=\box83
\@tempa=\box84
\@tempa=\box85
\@tempa=\box86
\@tempa=\box87
\@tempa=\box88
\@tempa=\box89
\@tempa=\box90
\@tempa=\box91
\@tempa=\box92
\@tempa=\box93
\@tempa=\box94
\@tempa=\box95
\@tempa=\box96
\@tempa=\box97
\@tempa=\box98
\@tempa=\box99
\c@minrows=\count440
\c@columnbadness=\count441
\c@finalcolumnbadness=\count442
\last@try=\dimen174
\multicolovershoot=\dimen175
\multicolundershoot=\dimen176
\mult@nat@firstbox=\box100
\colbreak@box=\box101
\mc@col@check@num=\count443
\g__mc_curr_col_int=\count444
)
(C:\Users\david\AppData\Local\Programs\MiKTeX\tex/latex/amsfonts\amssymb.sty
Package: amssymb 2013/01/14 v3.01 AMS font symbols

(C:\Users\david\AppData\Local\Programs\MiKTeX\tex/latex/amsfonts\amsfonts.sty
Package: amsfonts 2013/01/14 v3.01 Basic AMSFonts support
\@emptytoks=\toks25
\symAMSa=\mathgroup4
\symAMSb=\mathgroup5
LaTeX Font Info:    Redeclaring math symbol \hbar on input line 98.
LaTeX Font Info:    Overwriting math alphabet `\mathfrak' in version `bold'
(Font)                  U/euf/m/n --> U/euf/b/n on input line 106.
)) (C:\Users\david\AppData\Local\Programs\MiKTeX\tex/latex/amsmath\amsmath.sty
Package: amsmath 2025/07/09 v2.17z AMS math features
\@mathmargin=\skip81

For additional information on amsmath, use the `?' option.
(C:\Users\david\AppData\Local\Programs\MiKTeX\tex/latex/amsmath\amstext.sty
Package: amstext 2024/11/17 v2.01 AMS text

(C:\Users\david\AppData\Local\Programs\MiKTeX\tex/latex/amsmath\amsgen.sty
File: amsgen.sty 1999/11/30 v2.0 generic functions
\@emptytoks=\toks26
\ex@=\dimen177
))
(C:\Users\david\AppData\Local\Programs\MiKTeX\tex/latex/amsmath\amsbsy.sty
Package: amsbsy 1999/11/29 v1.2d Bold Symbols
\pmbraise@=\dimen178
)
(C:\Users\david\AppData\Local\Programs\MiKTeX\tex/latex/amsmath\amsopn.sty
Package: amsopn 2022/04/08 v2.04 operator names
)
\inf@bad=\count445
LaTeX Info: Redefining \frac on input line 233.
\uproot@=\count446
\leftroot@=\count447
LaTeX Info: Redefining \overline on input line 398.
LaTeX Info: Redefining \colon on input line 409.
\classnum@=\count448
\DOTSCASE@=\count449
LaTeX Info: Redefining \ldots on input line 495.
LaTeX Info: Redefining \dots on input line 498.
LaTeX Info: Redefining \cdots on input line 619.
\Mathstrutbox@=\box102
\strutbox@=\box103
LaTeX Info: Redefining \big on input line 721.
LaTeX Info: Redefining \Big on input line 722.
LaTeX Info: Redefining \bigg on input line 723.
LaTeX Info: Redefining \Bigg on input line 724.
\big@size=\dimen179
LaTeX Font Info:    Redeclaring font encoding OML on input line 742.
LaTeX Font Info:    Redeclaring font encoding OMS on input line 743.
\macc@depth=\count450
LaTeX Info: Redefining \bmod on input line 904.
LaTeX Info: Redefining \pmod on input line 909.
LaTeX Info: Redefining \smash on input line 939.
LaTeX Info: Redefining \relbar on input line 969.
LaTeX Info: Redefining \Relbar on input line 970.
\c@MaxMatrixCols=\count451
\dotsspace@=\muskip22
\c@parentequation=\count452
\dspbrk@lvl=\count453
\tag@help=\toks27
\row@=\count454
\column@=\count455
\maxfields@=\count456
\andhelp@=\toks28
\eqnshift@=\dimen180
\alignsep@=\dimen181
\tagshift@=\dimen182
\tagwidth@=\dimen183
\totwidth@=\dimen184
\lineht@=\dimen185
\@envbody=\toks29
\multlinegap=\skip82
\multlinetaggap=\skip83
\mathdisplay@stack=\toks30
LaTeX Info: Redefining \[ on input line 2950.
LaTeX Info: Redefining \] on input line 2951.
)
(C:\Users\david\AppData\Local\Programs\MiKTeX\tex/latex/caption\caption.sty
Package: caption 2023/08/05 v3.6o Customizing captions (AR)

(C:\Users\david\AppData\Local\Programs\MiKTeX\tex/latex/caption\caption3.sty
Package: caption3 2023/07/31 v2.4d caption3 kernel (AR)
\caption@tempdima=\dimen186
\captionmargin=\dimen187
\caption@leftmargin=\dimen188
\caption@rightmargin=\dimen189
\caption@width=\dimen190
\caption@indent=\dimen191
\caption@parindent=\dimen192
\caption@hangindent=\dimen193
Package caption Info: Standard document class detected.
)
\c@caption@flags=\count457
\c@continuedfloat=\count458
)
(C:\Users\david\AppData\Local\Programs\MiKTeX\tex/latex/tools\longtable.sty
Package: longtable 2024-12-18 v4.23 Multi-page Table package (DPC)
\LTleft=\skip84
\LTright=\skip85
\LTpre=\skip86
\LTpost=\skip87
\LTchunksize=\count459
\LTcapwidth=\dimen194
\LT@head=\box104
\LT@firsthead=\box105
\LT@foot=\box106
\LT@lastfoot=\box107
\LT@gbox=\box108
\LT@cols=\count460
\LT@rows=\count461
\c@LT@tables=\count462
\c@LT@chunks=\count463
\LT@p@ftn=\toks31
)
(C:\Users\david\AppData\Local\Programs\MiKTeX\tex/latex/tabularray\tabularray.s
ty
Package: tabularray 2025-08-29 v2025B Typeset tabulars and arrays with LaTeX3
\l__tblr_a_int=\count464
\l__tblr_c_int=\count465
\l__tblr_r_int=\count466
\l__tblr_d_dim=\dimen195
\l__tblr_h_dim=\dimen196
\l__tblr_o_dim=\dimen197
\l__tblr_p_dim=\dimen198
\l__tblr_q_dim=\dimen199
\l__tblr_r_dim=\dimen256
\l__tblr_s_dim=\dimen257
\l__tblr_t_dim=\dimen258
\l__tblr_v_dim=\dimen259
\l__tblr_w_dim=\dimen260
\l__tblr_a_box=\box109
\l__tblr_b_box=\box110
\l__tblr_c_box=\box111
\l__tblr_d_box=\box112
\c@tblrcount=\count467
\c@rownum=\count468
\c@colnum=\count469
\c@rowcount=\count470
\c@colcount=\count471
\abovesep=\dimen261
\belowsep=\dimen262
\leftsep=\dimen263
\rightsep=\dimen264
\gTblrLevelInt=\count472
\g__tblr_data_row_key_count_int=\count473
\g__tblr_data_column_key_count_int=\count474
\g__tblr_data_cell_key_count_int=\count475
\g__tblr_array_int=\count476
\l__tblr_key_count_int=\count477
\l__tblr_key_quotient_int=\count478
\l__tblr_key_quotient_two_int=\count479
\l__tblr_key_remainder_int=\count480
\g__tblr_data_str_value_count_int=\count481
\lTblrChildTotalInt=\count482
\lTblrChildHtotalInt=\count483
\lTblrChildVtotalInt=\count484
\l__child_diff_h_int=\count485
\l__child_diff_v_int=\count486
\l__child_sign_h_int=\count487
\l__child_sign_v_int=\count488
\l__child_step_int=\count489
\lTblrDefaultHruleWidthDim=\dimen265
\lTblrDefaultVruleWidthDim=\dimen266
\l__tblr_split_balance_int=\count490
\l__tblr_strut_dp_dim=\dimen267
\l__tblr_strut_ht_dim=\dimen268
\g__tblr_cell_wd_dim=\dimen269
\g__tblr_cell_ht_dim=\dimen270
\g__tblr_cell_head_dim=\dimen271
\g__tblr_cell_foot_dim=\dimen272
\l__tblr_measured_cell_box=\box113
\g__tblr_last_box=\box114
\l__tblr_temp_box=\box115
\l__tblr_column_target_dim=\dimen273
\l__tblr_hfuzz_dim=\dimen274
\l__tblr_caption_box=\box116
\l__tblr_caption_left_box=\box117
\lTblrRowHeadInt=\count491
\lTblrRowFootInt=\count492
\l__tblr_row_head_box=\box118
\l__tblr_row_foot_box=\box119
\l__tblr_row_head_foot_dim=\dimen275
\lTblrTableWidthDim=\dimen276
\l__tblr_table_firsthead_box=\box120
\l__tblr_table_middlehead_box=\box121
\l__tblr_table_lasthead_box=\box122
\l__tblr_table_firstfoot_box=\box123
\l__tblr_table_middlefoot_box=\box124
\l__tblr_table_lastfoot_box=\box125
\l__tblr_remain_height_dim=\dimen277
\l__tblr_long_from_int=\count493
\l__tblr_long_to_int=\count494
\l__tblr_curr_i_int=\count495
\l__tblr_prev_i_int=\count496
\lTblrTablePageInt=\count497
\l__tblr_table_head_box=\box126
\l__tblr_table_foot_box=\box127
\l__tblr_table_head_foot_dim=\dimen278
\l__tblr_table_head_body_foot_dim=\dimen279
\l__tblr_table_box=\box128
\lTblrRowFirstInt=\count498
\lTblrRowLastInt=\count499
\l__tblr_table_hlines_box=\box129
\l__tblr_hline_box=\box130
\l__tblr_row_box=\box131
\l__tblr_col_o_wd_dim=\dimen280
\l__tblr_col_b_wd_dim=\dimen281
\l__tblr_hline_leftskip_dim=\dimen282
\l__tblr_hline_rightskip_dim=\dimen283
\l__tblr_row_ht_dim=\dimen284
\l__tblr_row_dp_dim=\dimen285
\l__tblr_row_abovesep_dim=\dimen286
\l__tblr_row_belowsep_dim=\dimen287
\l__tblr_row_vlines_box=\box132
\l__tblr_vline_box=\box133
\l__tblr_cell_box=\box134
\l__tblr_row_upper_dim=\dimen288
\l__tblr_row_lower_dim=\dimen289
\l__tblr_row_vpace_dim=\dimen290
\l__tblr_vline_aboveskip_dim=\dimen291
\l__tblr_vline_belowskip_dim=\dimen292
\lTblrCellRowSpanInt=\count500
\lTblrCellColSpanInt=\count501
\l__tblr_cell_wd_dim=\dimen293
\l__tblr_cell_ht_dim=\dimen294
\lTblrCellAboveBorderWidthDim=\dimen295
\lTblrCellBelowBorderWidthDim=\dimen296
\lTblrCellLeftBorderWidthDim=\dimen297
\lTblrCellRightBorderWidthDim=\dimen298
\l__tblr_diag_box=\box135
\l__tblr_cell_inner_wd_dim=\dimen299
\l__tblr_cell_inner_dp_dim=\dimen300
\l__tblr_cell_hanchor_dim=\dimen301
\l__tblr_last_cell_table_ht_dim=\dimen302
\l__tblr_last_cell_table_dp_dim=\dimen303
\l__tblr_last_vline_wd_dim=\dimen304
\l__tblr_tikz_node_box=\box136
) (C:\Users\david\AppData\Local\Programs\MiKTeX\tex/latex/graphics\color.sty
Package: color 2025/01/14 v1.3e Standard LaTeX Color (DPC)

(C:\Users\david\AppData\Local\Programs\MiKTeX\tex/latex/graphics-cfg\color.cfg
File: color.cfg 2016/01/02 v1.6 sample color configuration
)
Package color Info: Driver file: pdftex.def on input line 149.
(C:\Users\david\AppData\Local\Programs\MiKTeX\tex/latex/graphics\mathcolor.ltx)
) (C:\Users\david\AppData\Local\Programs\MiKTeX\tex/latex/xcolor\xcolor.sty
Package: xcolor 2024/09/29 v3.02 LaTeX color extensions (UK)

(C:\Users\david\AppData\Local\Programs\MiKTeX\tex/latex/graphics-cfg\color.cfg
File: color.cfg 2016/01/02 v1.6 sample color configuration
)
Package xcolor Info: Driver file: pdftex.def on input line 274.
LaTeX Info: Redefining \color on input line 762.
(C:\Users\david\AppData\Local\Programs\MiKTeX\tex/latex/graphics\mathcolor.ltx)
Package xcolor Info: Model `cmy' substituted by `cmy0' on input line 1349.
Package xcolor Info: Model `hsb' substituted by `rgb' on input line 1353.
Package xcolor Info: Model `RGB' extended on input line 1365.
Package xcolor Info: Model `HTML' substituted by `rgb' on input line 1367.
Package xcolor Info: Model `Hsb' substituted by `hsb' on input line 1368.
Package xcolor Info: Model `tHsb' substituted by `hsb' on input line 1369.
Package xcolor Info: Model `HSB' substituted by `hsb' on input line 1370.
Package xcolor Info: Model `Gray' substituted by `gray' on input line 1371.
Package xcolor Info: Model `wave' substituted by `hsb' on input line 1372.
) (C:\Users\david\AppData\Local\Programs\MiKTeX\tex/latex/colortbl\colortbl.sty
Package: colortbl 2024/10/29 v1.0k Color table columns (DPC)
\everycr=\toks32
\minrowclearance=\skip88
)
(C:\Users\david\AppData\Local\Programs\MiKTeX\tex/latex/ninecolors\ninecolors.s
ty
Package: ninecolors 2022-02-13 v2022D Select colors with proper color contrast
)
(C:\Users\david\AppData\Local\Programs\MiKTeX\tex/latex/adjustbox\adjustbox.sty
Package: adjustbox 2025/02/26 v1.3c Adjusting TeX boxes (trim, clip, ...)
(C:\Users\david\AppData\Local\Programs\MiKTeX\tex/latex/xkeyval\xkeyval.sty
Package: xkeyval 2022/06/16 v2.9 package option processing (HA)

(C:\Users\david\AppData\Local\Programs\MiKTeX\tex/generic/xkeyval\xkeyval.tex
(C:\Users\david\AppData\Local\Programs\MiKTeX\tex/generic/xkeyval\xkvutils.tex
\XKV@toks=\toks33
\XKV@tempa@toks=\toks34
)
\XKV@depth=\count502
File: xkeyval.tex 2014/12/03 v2.7a key=value parser (HA)
))
(C:\Users\david\AppData\Local\Programs\MiKTeX\tex/latex/adjustbox\adjcalc.sty
Package: adjcalc 2012/05/16 v1.1 Provides advanced setlength with multiple back
-ends (calc, etex, pgfmath)
)
(C:\Users\david\AppData\Local\Programs\MiKTeX\tex/latex/adjustbox\trimclip.sty
Package: trimclip 2025/02/21 v1.2a Trim and clip general TeX material

(C:\Users\david\AppData\Local\Programs\MiKTeX\tex/latex/collectbox\collectbox.s
ty
Package: collectbox 2022/10/17 v0.4c Collect macro arguments as boxes
\collectedbox=\box137
)
\tc@llx=\dimen305
\tc@lly=\dimen306
\tc@urx=\dimen307
\tc@ury=\dimen308
Package trimclip Info: Using driver 'tc-pdftex.def'.

(C:\Users\david\AppData\Local\Programs\MiKTeX\tex/latex/adjustbox\tc-pdftex.def
File: tc-pdftex.def 2025/02/26 v2.3 Clipping driver for pdftex
))
\adjbox@Width=\dimen309
\adjbox@Height=\dimen310
\adjbox@Depth=\dimen311
\adjbox@Totalheight=\dimen312
\adjbox@pwidth=\dimen313
\adjbox@pheight=\dimen314
\adjbox@pdepth=\dimen315
\adjbox@ptotalheight=\dimen316

(C:\Users\david\AppData\Local\Programs\MiKTeX\tex/latex/ifoddpage\ifoddpage.sty
Package: ifoddpage 2022/10/18 v1.2 Conditionals for odd/even page detection
\c@checkoddpage=\count503
) (C:\Users\david\AppData\Local\Programs\MiKTeX\tex/latex/varwidth\varwidth.sty
Package: varwidth 2009/03/30 ver 0.92;  Variable-width minipages
\@vwid@box=\box138
\sift@deathcycles=\count504
\@vwid@loff=\dimen317
\@vwid@roff=\dimen318
)
==> First Aid for varwidth.sty applied!
) (C:\Users\david\AppData\Local\Programs\MiKTeX\tex/latex/float\float.sty
Package: float 2001/11/08 v1.3d Float enhancements (AL)
\c@float@type=\count505
\float@exts=\toks35
\float@box=\box139
\@float@everytoks=\toks36
\@floatcapt=\box140
)
(C:\Users\david\AppData\Local\Programs\MiKTeX\tex/latex/fancyhdr\fancyhdr.sty
Package: fancyhdr 2025/02/07 v5.2 Extensive control of page headers and footers

\f@nch@headwidth=\skip89
\f@nch@offset@elh=\skip90
\f@nch@offset@erh=\skip91
\f@nch@offset@olh=\skip92
\f@nch@offset@orh=\skip93
\f@nch@offset@elf=\skip94
\f@nch@offset@erf=\skip95
\f@nch@offset@olf=\skip96
\f@nch@offset@orf=\skip97
\f@nch@height=\skip98
\f@nch@footalignment=\skip99
\f@nch@widthL=\skip100
\f@nch@widthC=\skip101
\f@nch@widthR=\skip102
\@temptokenb=\toks37
)
(C:\Users\david\AppData\Local\Programs\MiKTeX\tex/latex/comment\comment.sty
\CommentStream=\write4

Excluding comment 'comment')
   defining Unicode char U+202F (decimal 8239)
   defining Unicode char U+200B (decimal 8203)

(C:\Users\david\AppData\Local\Programs\MiKTeX\tex/latex/hyperref\hyperref.sty
Package: hyperref 2025-07-12 v7.01o Hypertext links for LaTeX

(C:\Users\david\AppData\Local\Programs\MiKTeX\tex/generic/kvdefinekeys\kvdefine
keys.sty
Package: kvdefinekeys 2019-12-19 v1.6 Define keys (HO)
)
(C:\Users\david\AppData\Local\Programs\MiKTeX\tex/generic/pdfescape\pdfescape.s
ty
Package: pdfescape 2019/12/09 v1.15 Implements pdfTeX's escape features (HO)
) (C:\Users\david\AppData\Local\Programs\MiKTeX\tex/latex/hycolor\hycolor.sty
Package: hycolor 2020-01-27 v1.10 Color options for hyperref/bookmark (HO)
) (C:\Users\david\AppData\Local\Programs\MiKTeX\tex/latex/hyperref\nameref.sty
Package: nameref 2025-06-21 v2.57 Cross-referencing by name of section

(C:\Users\david\AppData\Local\Programs\MiKTeX\tex/latex/refcount\refcount.sty
Package: refcount 2019/12/15 v3.6 Data extraction from label references (HO)
)
(C:\Users\david\AppData\Local\Programs\MiKTeX\tex/generic/gettitlestring\gettit
lestring.sty
Package: gettitlestring 2019/12/15 v1.6 Cleanup title references (HO)
)
\c@section@level=\count506
)
(C:\Users\david\AppData\Local\Programs\MiKTeX\tex/generic/stringenc\stringenc.s
ty
Package: stringenc 2019/11/29 v1.12 Convert strings between diff. encodings (HO
)
)
\@linkdim=\dimen319
\Hy@linkcounter=\count507
\Hy@pagecounter=\count508
 (C:\Users\david\AppData\Local\Programs\MiKTeX\tex/latex/hyperref\pd1enc.def
File: pd1enc.def 2025-07-12 v7.01o Hyperref: PDFDocEncoding definition (HO)
Now handling font encoding PD1 ...
... no UTF-8 mapping file for font encoding PD1
) (C:\Users\david\AppData\Local\Programs\MiKTeX\tex/generic/intcalc\intcalc.sty
Package: intcalc 2019/12/15 v1.3 Expandable calculations with integers (HO)
)
\Hy@SavedSpaceFactor=\count509
 (C:\Users\david\AppData\Local\Programs\MiKTeX\tex/latex/hyperref\puenc.def
File: puenc.def 2025-07-12 v7.01o Hyperref: PDF Unicode definition (HO)
Now handling font encoding PU ...
... no UTF-8 mapping file for font encoding PU
)
Package hyperref Info: Hyper figures OFF on input line 4195.
Package hyperref Info: Link nesting OFF on input line 4200.
Package hyperref Info: Hyper index ON on input line 4203.
Package hyperref Info: Plain pages OFF on input line 4210.
Package hyperref Info: Backreferencing OFF on input line 4215.
Package hyperref Info: Implicit mode ON; LaTeX internals redefined.
Package hyperref Info: Bookmarks ON on input line 4462.
\c@Hy@tempcnt=\count510
LaTeX Info: Redefining \url on input line 4801.
\XeTeXLinkMargin=\dimen320

(C:\Users\david\AppData\Local\Programs\MiKTeX\tex/generic/bitset\bitset.sty
Package: bitset 2019/12/09 v1.3 Handle bit-vector datatype (HO)

(C:\Users\david\AppData\Local\Programs\MiKTeX\tex/generic/bigintcalc\bigintcalc
.sty
Package: bigintcalc 2019/12/15 v1.5 Expandable calculations on big integers (HO
)
))
\Fld@menulength=\count511
\Field@Width=\dimen321
\Fld@charsize=\dimen322
Package hyperref Info: Hyper figures OFF on input line 6078.
Package hyperref Info: Link nesting OFF on input line 6083.
Package hyperref Info: Hyper index ON on input line 6086.
Package hyperref Info: backreferencing OFF on input line 6093.
Package hyperref Info: Link coloring OFF on input line 6098.
Package hyperref Info: Link coloring with OCG OFF on input line 6103.
Package hyperref Info: PDF/A mode OFF on input line 6108.
\Hy@abspage=\count512
\c@Item=\count513
\c@Hfootnote=\count514
)
Package hyperref Info: Driver (autodetected): hpdftex.

(C:\Users\david\AppData\Local\Programs\MiKTeX\tex/latex/hyperref\hpdftex.def
File: hpdftex.def 2025-07-12 v7.01o Hyperref driver for pdfTeX
\Fld@listcount=\count515
\c@bookmark@seq@number=\count516

(C:\Users\david\AppData\Local\Programs\MiKTeX\tex/latex/rerunfilecheck\rerunfil
echeck.sty
Package: rerunfilecheck 2025-06-21 v1.11 Rerun checks for auxiliary files (HO)

(C:\Users\david\AppData\Local\Programs\MiKTeX\tex/generic/uniquecounter\uniquec
ounter.sty
Package: uniquecounter 2019/12/15 v1.4 Provide unlimited unique counter (HO)
)
Package uniquecounter Info: New unique counter `rerunfilecheck' on input line 2
84.
)
\Hy@SectionHShift=\skip103
)
(C:\Users\david\AppData\Local\Programs\MiKTeX\tex/latex/bookmark\bookmark.sty
Package: bookmark 2023-12-10 v1.31 PDF bookmarks (HO)

(C:\Users\david\AppData\Local\Programs\MiKTeX\tex/latex/bookmark\bkm-pdftex.def
File: bkm-pdftex.def 2023-12-10 v1.31 bookmark driver for pdfTeX and luaTeX (HO
)
\BKM@id=\count517
))
Package hyperref Info: Option `breaklinks' set `true' on input line 63.
Package csquotes Info: Checking for multilingual support...
Package csquotes Info: ... found 'babel' package.
Package csquotes Info: Adjusting default style.
Package csquotes Info: Redefining alias 'default' -> 'spanish'.
LaTeX Font Info:    Trying to load font information for OT1+ptm on input line 1
02.
 (C:\Users\david\AppData\Local\Programs\MiKTeX\tex/latex/psnfss\ot1ptm.fd
File: ot1ptm.fd 2001/06/04 font definitions for OT1/ptm.
)
(Proyecto.aux
LaTeX Info: Redefining \. on input line 14.
LaTeX Info: Redefining \% on input line 14.
Package babel Info: 'spanish' activates 'spanish' shorthands.
(babel)             Reported on input line 14.
 (Contenido/Indice.aux))
\openout1 = `Proyecto.aux'.

LaTeX Font Info:    Checking defaults for OML/cmm/m/it on input line 102.
LaTeX Font Info:    ... okay on input line 102.
LaTeX Font Info:    Checking defaults for OMS/cmsy/m/n on input line 102.
LaTeX Font Info:    ... okay on input line 102.
LaTeX Font Info:    Checking defaults for OT1/cmr/m/n on input line 102.
LaTeX Font Info:    ... okay on input line 102.
LaTeX Font Info:    Checking defaults for T1/cmr/m/n on input line 102.
LaTeX Font Info:    ... okay on input line 102.
LaTeX Font Info:    Checking defaults for TS1/cmr/m/n on input line 102.
LaTeX Font Info:    ... okay on input line 102.
LaTeX Font Info:    Checking defaults for OMX/cmex/m/n on input line 102.
LaTeX Font Info:    ... okay on input line 102.
LaTeX Font Info:    Checking defaults for U/cmr/m/n on input line 102.
LaTeX Font Info:    ... okay on input line 102.
LaTeX Font Info:    Checking defaults for PD1/pdf/m/n on input line 102.
LaTeX Font Info:    ... okay on input line 102.
LaTeX Font Info:    Checking defaults for PU/pdf/m/n on input line 102.
LaTeX Font Info:    ... okay on input line 102.

*geometry* driver: auto-detecting
*geometry* detected driver: pdftex
*geometry* verbose mode - [ preamble ] result:
* driver: pdftex
* paper: letterpaper
* layout: <same size as paper>
* layoutoffset:(h,v)=(0.0pt,0.0pt)
* modes: 
* h-part:(L,W,R)=(72.2698pt, 469.75539pt, 72.2698pt)
* v-part:(T,H,B)=(72.2698pt, 650.43037pt, 72.2698pt)
* \paperwidth=614.295pt
* \paperheight=794.96999pt
* \textwidth=469.75539pt
* \textheight=650.43037pt
* \oddsidemargin=-0.00018pt
* \evensidemargin=-0.00018pt
* \topmargin=-37.00018pt
* \headheight=12.0pt
* \headsep=25.0pt
* \topskip=12.0pt
* \footskip=30.0pt
* \marginparwidth=44.0pt
* \marginparsep=10.0pt
* \columnsep=10.0pt
* \skip\footins=10.8pt plus 4.0pt minus 2.0pt
* \hoffset=0.0pt
* \voffset=0.0pt
* \mag=1000
* \@twocolumnfalse
* \@twosidefalse
* \@mparswitchfalse
* \@reversemarginfalse
* (1in=72.27pt=25.4mm, 1cm=28.453pt)

LaTeX Info: Redefining \. on input line 102.
LaTeX Info: Redefining \% on input line 102.
Package biblatex Info: Trying to load language 'spanish' -> 'spanish-apa'...
Package biblatex Info: ... file 'spanish-apa.lbx' found.

(C:\Users\david\AppData\Local\Programs\MiKTeX\tex/latex/biblatex-apa\spanish-ap
a.lbx
File: spanish-apa.lbx 2025/08/27 v9.20 APA biblatex localisation
Package biblatex Info: Trying to load language 'spanish'...
Package biblatex Info: ... file 'spanish.lbx' found.

(C:\Users\david\AppData\Local\Programs\MiKTeX\tex/latex/biblatex/lbx\spanish.lb
x
File: spanish.lbx 2025/07/10 v3.21 biblatex localization (PK/MW)
)
Package biblatex Info: Trying to load language 'spanish'...
Package biblatex Info: ... file 'spanish.lbx' found.

(C:\Users\david\AppData\Local\Programs\MiKTeX\tex/latex/biblatex/lbx\spanish.lb
x
File: spanish.lbx 2025/07/10 v3.21 biblatex localization (PK/MW)
))
Package biblatex Info: Input encoding 'utf8' detected.
Package biblatex Info: Automatic encoding selection.
(biblatex)             Assuming data encoding 'utf8'.
\openout3 = `Proyecto.bcf'.

Package biblatex Info: Trying to load bibliographic data...
Package biblatex Info: ... file 'Proyecto.bbl' found.
 (Proyecto.bbl)
Package biblatex Info: Reference section=0 on input line 102.
Package biblatex Info: Reference segment=0 on input line 102.

(C:\Users\david\AppData\Local\Programs\MiKTeX\tex/context/base/mkii\supp-pdf.mk
ii
[Loading MPS to PDF converter (version 2006.09.02).]
\scratchcounter=\count518
\scratchdimen=\dimen323
\scratchbox=\box141
\nofMPsegments=\count519
\nofMParguments=\count520
\everyMPshowfont=\toks38
\MPscratchCnt=\count521
\MPscratchDim=\dimen324
\MPnumerator=\count522
\makeMPintoPDFobject=\count523
\everyMPtoPDFconversion=\toks39
)
(C:\Users\david\AppData\Local\Programs\MiKTeX\tex/latex/epstopdf-pkg\epstopdf-b
ase.sty
Package: epstopdf-base 2020-01-24 v2.11 Base part for package epstopdf
Package epstopdf-base Info: Redefining graphics rule for `.eps' on input line 4
85.

(C:\Users\david\AppData\Local\Programs\MiKTeX\tex/latex/00miktex\epstopdf-sys.c
fg
File: epstopdf-sys.cfg 2021/03/18 v2.0 Configuration of epstopdf for MiKTeX
))
Package caption Info: Begin \AtBeginDocument code.
Package caption Info: float package is loaded.
Package caption Info: hyperref package is loaded.
Package caption Info: longtable package is loaded.

(C:\Users\david\AppData\Local\Programs\MiKTeX\tex/latex/caption\ltcaption.sty
Package: ltcaption 2021/01/08 v1.4c longtable captions (AR)
)
Package caption Info: End \AtBeginDocument code.
Package hyperref Info: Link coloring OFF on input line 102.
LaTeX Font Info:    Trying to load font information for U+msa on input line 104
.

(C:\Users\david\AppData\Local\Programs\MiKTeX\tex/latex/amsfonts\umsa.fd
File: umsa.fd 2013/01/14 v3.01 AMS symbols A
)
LaTeX Font Info:    Trying to load font information for U+msb on input line 104
.

(C:\Users\david\AppData\Local\Programs\MiKTeX\tex/latex/amsfonts\umsb.fd
File: umsb.fd 2013/01/14 v3.01 AMS symbols B
)
LaTeX Font Info:    Trying to load font information for OT1+pcr on input line 1
04.

(C:\Users\david\AppData\Local\Programs\MiKTeX\tex/latex/psnfss\ot1pcr.fd
File: ot1pcr.fd 2001/06/04 font definitions for OT1/pcr.
)
<Imagenes/EscudoUD.png, id=3, 504.38437pt x 645.16031pt>
File: Imagenes/EscudoUD.png Graphic file (type png)
<use Imagenes/EscudoUD.png>
Package pdftex.def Info: Imagenes/EscudoUD.png  used on input line 104.
(pdftex.def)             Requested size: 56.9055pt x 72.7792pt.


[1

{C:/Users/david/AppData/Local/MiKTeX/fonts/map/pdftex/pdftex.map}{C:/Users/davi
d/AppData/Local/Programs/MiKTeX/fonts/enc/dvips/base/8r.enc} <./Imagenes/Escudo
UD.png>]
\openout2 = `Contenido/Indice.aux'.

 (Contenido/Indice.tex (Proyecto.toc
LaTeX Info: Redefining \sptext on input line 1.
LaTeX Info: Redefining \. on input line 1.
LaTeX Info: Redefining \% on input line 1.


[1

]

[2]

[3]

[4]

[5])
\tf@toc=\write5
\openout5 = `Proyecto.toc'.



[6] (Proyecto.lof
LaTeX Info: Redefining \sptext on input line 1.
LaTeX Info: Redefining \. on input line 1.
LaTeX Info: Redefining \% on input line 1.


[7])
\tf@lof=\write6
\openout6 = `Proyecto.lof'.



[8] (Proyecto.lot
LaTeX Info: Redefining \sptext on input line 1.
LaTeX Info: Redefining \. on input line 1.
LaTeX Info: Redefining \% on input line 1.


[9])
\tf@lot=\write7
\openout7 = `Proyecto.lot'.



[10] (Contenido/01. Introduccion/Introduccion.tex


Package fancyhdr Warning: \headheight is too small (12.0pt): 
(fancyhdr)                Make it at least 27.03389pt, for example:
(fancyhdr)                \setlength{\headheight}{27.03389pt}.
(fancyhdr)                You might also make \topmargin smaller:
(fancyhdr)                \addtolength{\topmargin}{-15.03389pt}.


pdfTeX warning (ext4): destination with the same identifier (name{page.1}) has 
been already used, duplicate ignored
<to be read again> 
                   \relax 
l.15 
      [1

]) (Contenido/02. Planteamiento/PlanteamientoDelProblema.tex


Package fancyhdr Warning: \headheight is too small (12.0pt): 
(fancyhdr)                Make it at least 27.03389pt, for example:
(fancyhdr)                \setlength{\headheight}{27.03389pt}.
(fancyhdr)                You might also make \topmargin smaller:
(fancyhdr)                \addtolength{\topmargin}{-15.03389pt}.

[2]
<Imagenes/ArboldeProblemas.png, id=717, 610.53094pt x 447.17062pt>
File: Imagenes/ArboldeProblemas.png Graphic file (type png)
<use Imagenes/ArboldeProblemas.png>
Package pdftex.def Info: Imagenes/ArboldeProblemas.png  used on input line 13.
(pdftex.def)             Requested size: 455.24408pt x 333.44615pt.



Package fancyhdr Warning: \headheight is too small (12.0pt): 
(fancyhdr)                Make it at least 27.03389pt, for example:
(fancyhdr)                \setlength{\headheight}{27.03389pt}.
(fancyhdr)                You might also make \topmargin smaller:
(fancyhdr)                \addtolength{\topmargin}{-15.03389pt}.

[3

] (Contenido/02. Planteamiento/DescripcionDelProblema.tex


Package fancyhdr Warning: \headheight is too small (12.0pt): 
(fancyhdr)                Make it at least 27.03389pt, for example:
(fancyhdr)                \setlength{\headheight}{27.03389pt}.
(fancyhdr)                You might also make \topmargin smaller:
(fancyhdr)                \addtolength{\topmargin}{-15.03389pt}.

[4 <./Imagenes/ArboldeProblemas.png>])
(Contenido/02. Planteamiento/FormulacionDelProblema.tex)
(Contenido/02. Planteamiento/JustificacionDelProblema.tex


Package fancyhdr Warning: \headheight is too small (12.0pt): 
(fancyhdr)                Make it at least 27.03389pt, for example:
(fancyhdr)                \setlength{\headheight}{27.03389pt}.
(fancyhdr)                You might also make \topmargin smaller:
(fancyhdr)                \addtolength{\topmargin}{-15.03389pt}.

[5]


Package fancyhdr Warning: \headheight is too small (12.0pt): 
(fancyhdr)                Make it at least 27.03389pt, for example:
(fancyhdr)                \setlength{\headheight}{27.03389pt}.
(fancyhdr)                You might also make \topmargin smaller:
(fancyhdr)                \addtolength{\topmargin}{-15.03389pt}.

[6]


Package fancyhdr Warning: \headheight is too small (12.0pt): 
(fancyhdr)                Make it at least 27.03389pt, for example:
(fancyhdr)                \setlength{\headheight}{27.03389pt}.
(fancyhdr)                You might also make \topmargin smaller:
(fancyhdr)                \addtolength{\topmargin}{-15.03389pt}.

[7])) (Contenido/03. Objetivos/Objetivos.tex


Package fancyhdr Warning: \headheight is too small (12.0pt): 
(fancyhdr)                Make it at least 27.03389pt, for example:
(fancyhdr)                \setlength{\headheight}{27.03389pt}.
(fancyhdr)                You might also make \topmargin smaller:
(fancyhdr)                \addtolength{\topmargin}{-15.03389pt}.

[8] (Contenido/03. Objetivos/ObjetivoGeneral.tex)
(Contenido/03. Objetivos/ObjetivoEspecifico.tex))
(Contenido/04. Marco Teorico/MarcoTeorico.tex


Package fancyhdr Warning: \headheight is too small (12.0pt): 
(fancyhdr)                Make it at least 27.03389pt, for example:
(fancyhdr)                \setlength{\headheight}{27.03389pt}.
(fancyhdr)                You might also make \topmargin smaller:
(fancyhdr)                \addtolength{\topmargin}{-15.03389pt}.

[9

] (Contenido/04. Marco Teorico/DefinicionesPrevias.tex


Package fancyhdr Warning: \headheight is too small (12.0pt): 
(fancyhdr)                Make it at least 27.03389pt, for example:
(fancyhdr)                \setlength{\headheight}{27.03389pt}.
(fancyhdr)                You might also make \topmargin smaller:
(fancyhdr)                \addtolength{\topmargin}{-15.03389pt}.

[10

]


Package fancyhdr Warning: \headheight is too small (12.0pt): 
(fancyhdr)                Make it at least 27.03389pt, for example:
(fancyhdr)                \setlength{\headheight}{27.03389pt}.
(fancyhdr)                You might also make \topmargin smaller:
(fancyhdr)                \addtolength{\topmargin}{-15.03389pt}.

[11]


Package fancyhdr Warning: \headheight is too small (12.0pt): 
(fancyhdr)                Make it at least 27.03389pt, for example:
(fancyhdr)                \setlength{\headheight}{27.03389pt}.
(fancyhdr)                You might also make \topmargin smaller:
(fancyhdr)                \addtolength{\topmargin}{-15.03389pt}.

[12]


Package fancyhdr Warning: \headheight is too small (12.0pt): 
(fancyhdr)                Make it at least 27.03389pt, for example:
(fancyhdr)                \setlength{\headheight}{27.03389pt}.
(fancyhdr)                You might also make \topmargin smaller:
(fancyhdr)                \addtolength{\topmargin}{-15.03389pt}.

[13]


Package fancyhdr Warning: \headheight is too small (12.0pt): 
(fancyhdr)                Make it at least 27.03389pt, for example:
(fancyhdr)                \setlength{\headheight}{27.03389pt}.
(fancyhdr)                You might also make \topmargin smaller:
(fancyhdr)                \addtolength{\topmargin}{-15.03389pt}.

[14]


Package fancyhdr Warning: \headheight is too small (12.0pt): 
(fancyhdr)                Make it at least 27.03389pt, for example:
(fancyhdr)                \setlength{\headheight}{27.03389pt}.
(fancyhdr)                You might also make \topmargin smaller:
(fancyhdr)                \addtolength{\topmargin}{-15.03389pt}.

[15]


Package fancyhdr Warning: \headheight is too small (12.0pt): 
(fancyhdr)                Make it at least 27.03389pt, for example:
(fancyhdr)                \setlength{\headheight}{27.03389pt}.
(fancyhdr)                You might also make \topmargin smaller:
(fancyhdr)                \addtolength{\topmargin}{-15.03389pt}.

[16])


Package fancyhdr Warning: \headheight is too small (12.0pt): 
(fancyhdr)                Make it at least 27.03389pt, for example:
(fancyhdr)                \setlength{\headheight}{27.03389pt}.
(fancyhdr)                You might also make \topmargin smaller:
(fancyhdr)                \addtolength{\topmargin}{-15.03389pt}.

[17] (Contenido/04. Marco Teorico/DescripcionDeCompetencia.tex
<Imagenes/LogoDavivienda.png, id=851, 3854.4pt x 2168.1pt>
File: Imagenes/LogoDavivienda.png Graphic file (type png)
<use Imagenes/LogoDavivienda.png>
Package pdftex.def Info: Imagenes/LogoDavivienda.png  used on input line 13.
(pdftex.def)             Requested size: 341.43306pt x 192.0439pt.



Package fancyhdr Warning: \headheight is too small (12.0pt): 
(fancyhdr)                Make it at least 27.03389pt, for example:
(fancyhdr)                \setlength{\headheight}{27.03389pt}.
(fancyhdr)                You might also make \topmargin smaller:
(fancyhdr)                \addtolength{\topmargin}{-15.03389pt}.

[18]


Package fancyhdr Warning: \headheight is too small (12.0pt): 
(fancyhdr)                Make it at least 27.03389pt, for example:
(fancyhdr)                \setlength{\headheight}{27.03389pt}.
(fancyhdr)                You might also make \topmargin smaller:
(fancyhdr)                \addtolength{\topmargin}{-15.03389pt}.

[19 <./Imagenes/LogoDavivienda.png>])


Package fancyhdr Warning: \headheight is too small (12.0pt): 
(fancyhdr)                Make it at least 27.03389pt, for example:
(fancyhdr)                \setlength{\headheight}{27.03389pt}.
(fancyhdr)                You might also make \topmargin smaller:
(fancyhdr)                \addtolength{\topmargin}{-15.03389pt}.

[20] (Contenido/04. Marco Teorico/AnalisisEconomico.tex


Package fancyhdr Warning: \headheight is too small (12.0pt): 
(fancyhdr)                Make it at least 27.03389pt, for example:
(fancyhdr)                \setlength{\headheight}{27.03389pt}.
(fancyhdr)                You might also make \topmargin smaller:
(fancyhdr)                \addtolength{\topmargin}{-15.03389pt}.

[21]


Package fancyhdr Warning: \headheight is too small (12.0pt): 
(fancyhdr)                Make it at least 27.03389pt, for example:
(fancyhdr)                \setlength{\headheight}{27.03389pt}.
(fancyhdr)                You might also make \topmargin smaller:
(fancyhdr)                \addtolength{\topmargin}{-15.03389pt}.

[22]) (Contenido/04. Marco Teorico/MarcoReferencial.tex


Package fancyhdr Warning: \headheight is too small (12.0pt): 
(fancyhdr)                Make it at least 27.03389pt, for example:
(fancyhdr)                \setlength{\headheight}{27.03389pt}.
(fancyhdr)                You might also make \topmargin smaller:
(fancyhdr)                \addtolength{\topmargin}{-15.03389pt}.

[23]
LaTeX Font Info:    Trying to load font information for TS1+ptm on input line 8
.
 (C:\Users\david\AppData\Local\Programs\MiKTeX\tex/latex/psnfss\ts1ptm.fd
File: ts1ptm.fd 2001/06/04 font definitions for TS1/ptm.
)


Package fancyhdr Warning: \headheight is too small (12.0pt): 
(fancyhdr)                Make it at least 27.03389pt, for example:
(fancyhdr)                \setlength{\headheight}{27.03389pt}.
(fancyhdr)                You might also make \topmargin smaller:
(fancyhdr)                \addtolength{\topmargin}{-15.03389pt}.

[24]) (Contenido/04. Marco Teorico/Antecedentes.tex


Package fancyhdr Warning: \headheight is too small (12.0pt): 
(fancyhdr)                Make it at least 27.03389pt, for example:
(fancyhdr)                \setlength{\headheight}{27.03389pt}.
(fancyhdr)                You might also make \topmargin smaller:
(fancyhdr)                \addtolength{\topmargin}{-15.03389pt}.

[25]
Overfull \hbox (11.66891pt too wide) in paragraph at lines 13--14
[]\OT1/ptm/b/n/12 Niveles de Al-fa-be-ti-za-ci[]on Fi-nan-cie-ra: \OT1/ptm/m/n/
12 In-ves-ti-ga-cio-nes con-jun-tas en-tre el Ban-co de la Rep[]ubli-
 []




Package fancyhdr Warning: \headheight is too small (12.0pt): 
(fancyhdr)                Make it at least 27.03389pt, for example:
(fancyhdr)                \setlength{\headheight}{27.03389pt}.
(fancyhdr)                You might also make \topmargin smaller:
(fancyhdr)                \addtolength{\topmargin}{-15.03389pt}.

[26]
<Imagenes/LogoVivaSeguro.jpg, id=947, 325.215pt x 155.58125pt>
File: Imagenes/LogoVivaSeguro.jpg Graphic file (type jpg)
<use Imagenes/LogoVivaSeguro.jpg>
Package pdftex.def Info: Imagenes/LogoVivaSeguro.jpg  used on input line 25.
(pdftex.def)             Requested size: 284.52756pt x 136.12611pt.



Package fancyhdr Warning: \headheight is too small (12.0pt): 
(fancyhdr)                Make it at least 27.03389pt, for example:
(fancyhdr)                \setlength{\headheight}{27.03389pt}.
(fancyhdr)                You might also make \topmargin smaller:
(fancyhdr)                \addtolength{\topmargin}{-15.03389pt}.

[27 <./Imagenes/LogoVivaSeguro.jpg>]


Package fancyhdr Warning: \headheight is too small (12.0pt): 
(fancyhdr)                Make it at least 27.03389pt, for example:
(fancyhdr)                \setlength{\headheight}{27.03389pt}.
(fancyhdr)                You might also make \topmargin smaller:
(fancyhdr)                \addtolength{\topmargin}{-15.03389pt}.

[28]


Package fancyhdr Warning: \headheight is too small (12.0pt): 
(fancyhdr)                Make it at least 27.03389pt, for example:
(fancyhdr)                \setlength{\headheight}{27.03389pt}.
(fancyhdr)                You might also make \topmargin smaller:
(fancyhdr)                \addtolength{\topmargin}{-15.03389pt}.

[29]


Package fancyhdr Warning: \headheight is too small (12.0pt): 
(fancyhdr)                Make it at least 27.03389pt, for example:
(fancyhdr)                \setlength{\headheight}{27.03389pt}.
(fancyhdr)                You might also make \topmargin smaller:
(fancyhdr)                \addtolength{\topmargin}{-15.03389pt}.

[30]


Package fancyhdr Warning: \headheight is too small (12.0pt): 
(fancyhdr)                Make it at least 27.03389pt, for example:
(fancyhdr)                \setlength{\headheight}{27.03389pt}.
(fancyhdr)                You might also make \topmargin smaller:
(fancyhdr)                \addtolength{\topmargin}{-15.03389pt}.

[31]


Package fancyhdr Warning: \headheight is too small (12.0pt): 
(fancyhdr)                Make it at least 27.03389pt, for example:
(fancyhdr)                \setlength{\headheight}{27.03389pt}.
(fancyhdr)                You might also make \topmargin smaller:
(fancyhdr)                \addtolength{\topmargin}{-15.03389pt}.

[32]) (Contenido/04. Marco Teorico/Competencia.tex
<Imagenes/LogoBConomy.png, id=1013, 415.5525pt x 122.4575pt>
File: Imagenes/LogoBConomy.png Graphic file (type png)
<use Imagenes/LogoBConomy.png>
Package pdftex.def Info: Imagenes/LogoBConomy.png  used on input line 14.
(pdftex.def)             Requested size: 284.52756pt x 83.84923pt.



Package fancyhdr Warning: \headheight is too small (12.0pt): 
(fancyhdr)                Make it at least 27.03389pt, for example:
(fancyhdr)                \setlength{\headheight}{27.03389pt}.
(fancyhdr)                You might also make \topmargin smaller:
(fancyhdr)                \addtolength{\topmargin}{-15.03389pt}.

[33]
<Imagenes/LogoFintonic.png, id=1021, 301.125pt x 168.63pt>
File: Imagenes/LogoFintonic.png Graphic file (type png)
<use Imagenes/LogoFintonic.png>
Package pdftex.def Info: Imagenes/LogoFintonic.png  used on input line 27.
(pdftex.def)             Requested size: 426.79134pt x 239.02655pt.



Package fancyhdr Warning: \headheight is too small (12.0pt): 
(fancyhdr)                Make it at least 27.03389pt, for example:
(fancyhdr)                \setlength{\headheight}{27.03389pt}.
(fancyhdr)                You might also make \topmargin smaller:
(fancyhdr)                \addtolength{\topmargin}{-15.03389pt}.

[34 <./Imagenes/LogoBConomy.png> <./Imagenes/LogoFintonic.png>]
<Imagenes/LogoNequi.png, id=1030, 903.375pt x 508.14844pt>
File: Imagenes/LogoNequi.png Graphic file (type png)
<use Imagenes/LogoNequi.png>
Package pdftex.def Info: Imagenes/LogoNequi.png  used on input line 40.
(pdftex.def)             Requested size: 284.52756pt x 160.04434pt.
)
(Contenido/04. Marco Teorico/AnalisisDeCompetencia.tex


Package fancyhdr Warning: \headheight is too small (12.0pt): 
(fancyhdr)                Make it at least 27.03389pt, for example:
(fancyhdr)                \setlength{\headheight}{27.03389pt}.
(fancyhdr)                You might also make \topmargin smaller:
(fancyhdr)                \addtolength{\topmargin}{-15.03389pt}.

[35 <./Imagenes/LogoNequi.png>]


Package fancyhdr Warning: \headheight is too small (12.0pt): 
(fancyhdr)                Make it at least 27.03389pt, for example:
(fancyhdr)                \setlength{\headheight}{27.03389pt}.
(fancyhdr)                You might also make \topmargin smaller:
(fancyhdr)                \addtolength{\topmargin}{-15.03389pt}.

[36]


Package fancyhdr Warning: \headheight is too small (12.0pt): 
(fancyhdr)                Make it at least 27.03389pt, for example:
(fancyhdr)                \setlength{\headheight}{27.03389pt}.
(fancyhdr)                You might also make \topmargin smaller:
(fancyhdr)                \addtolength{\topmargin}{-15.03389pt}.

[37]) (Contenido/04. Marco Teorico/ConceptosDeModeloDeNegocio.tex


Package fancyhdr Warning: \headheight is too small (12.0pt): 
(fancyhdr)                Make it at least 27.03389pt, for example:
(fancyhdr)                \setlength{\headheight}{27.03389pt}.
(fancyhdr)                You might also make \topmargin smaller:
(fancyhdr)                \addtolength{\topmargin}{-15.03389pt}.

[38]


Package fancyhdr Warning: \headheight is too small (12.0pt): 
(fancyhdr)                Make it at least 27.03389pt, for example:
(fancyhdr)                \setlength{\headheight}{27.03389pt}.
(fancyhdr)                You might also make \topmargin smaller:
(fancyhdr)                \addtolength{\topmargin}{-15.03389pt}.

[39]
<Imagenes/PlantillaModeloCanvas.jpg, id=1061, 880.79062pt x 495.35063pt>
File: Imagenes/PlantillaModeloCanvas.jpg Graphic file (type jpg)
<use Imagenes/PlantillaModeloCanvas.jpg>
Package pdftex.def Info: Imagenes/PlantillaModeloCanvas.jpg  used on input line
 44.
(pdftex.def)             Requested size: 426.79134pt x 240.02557pt.
))


Package fancyhdr Warning: \headheight is too small (12.0pt): 
(fancyhdr)                Make it at least 27.03389pt, for example:
(fancyhdr)                \setlength{\headheight}{27.03389pt}.
(fancyhdr)                You might also make \topmargin smaller:
(fancyhdr)                \addtolength{\topmargin}{-15.03389pt}.

[40 <./Imagenes/PlantillaModeloCanvas.jpg>]
(Contenido/05. Alcances y Limitaciones/AlcancesyLimitaciones.tex


Package fancyhdr Warning: \headheight is too small (12.0pt): 
(fancyhdr)                Make it at least 27.03389pt, for example:
(fancyhdr)                \setlength{\headheight}{27.03389pt}.
(fancyhdr)                You might also make \topmargin smaller:
(fancyhdr)                \addtolength{\topmargin}{-15.03389pt}.

[41] (Contenido/05. Alcances y Limitaciones/Alcances.tex)
(Contenido/05. Alcances y Limitaciones/Limitaciones.tex


Package fancyhdr Warning: \headheight is too small (12.0pt): 
(fancyhdr)                Make it at least 27.03389pt, for example:
(fancyhdr)                \setlength{\headheight}{27.03389pt}.
(fancyhdr)                You might also make \topmargin smaller:
(fancyhdr)                \addtolength{\topmargin}{-15.03389pt}.

[42

])) (Contenido/06. Modelo de Negocio/ModeloDeNegocio.tex


Package fancyhdr Warning: \headheight is too small (12.0pt): 
(fancyhdr)                Make it at least 27.03389pt, for example:
(fancyhdr)                \setlength{\headheight}{27.03389pt}.
(fancyhdr)                You might also make \topmargin smaller:
(fancyhdr)                \addtolength{\topmargin}{-15.03389pt}.

[43]
<Imagenes/ModeloCanvas.png, id=1080, 770.88pt x 578.16pt>
File: Imagenes/ModeloCanvas.png Graphic file (type png)
<use Imagenes/ModeloCanvas.png>
Package pdftex.def Info: Imagenes/ModeloCanvas.png  used on input line 10.
(pdftex.def)             Requested size: 455.24408pt x 341.42903pt.



Package fancyhdr Warning: \headheight is too small (12.0pt): 
(fancyhdr)                Make it at least 27.03389pt, for example:
(fancyhdr)                \setlength{\headheight}{27.03389pt}.
(fancyhdr)                You might also make \topmargin smaller:
(fancyhdr)                \addtolength{\topmargin}{-15.03389pt}.

[44

 <./Imagenes/ModeloCanvas.png (PNG copy)>]
(Contenido/06. Modelo de Negocio/SegmentoDelMercado.tex)
(Contenido/06. Modelo de Negocio/PropuestaDeValor.tex)


Package fancyhdr Warning: \headheight is too small (12.0pt): 
(fancyhdr)                Make it at least 27.03389pt, for example:
(fancyhdr)                \setlength{\headheight}{27.03389pt}.
(fancyhdr)                You might also make \topmargin smaller:
(fancyhdr)                \addtolength{\topmargin}{-15.03389pt}.

[45] (Contenido/06. Modelo de Negocio/CanalesDeDistribucion.tex)
(Contenido/06. Modelo de Negocio/RelacionesConClientes.tex)
(Contenido/06. Modelo de Negocio/FuentesDeIngresos.tex


Package fancyhdr Warning: \headheight is too small (12.0pt): 
(fancyhdr)                Make it at least 27.03389pt, for example:
(fancyhdr)                \setlength{\headheight}{27.03389pt}.
(fancyhdr)                You might also make \topmargin smaller:
(fancyhdr)                \addtolength{\topmargin}{-15.03389pt}.

[46]) (Contenido/06. Modelo de Negocio/ActividadesClave.tex)
(Contenido/06. Modelo de Negocio/RecursosClave.tex)
(Contenido/06. Modelo de Negocio/SociosClave.tex)


Package fancyhdr Warning: \headheight is too small (12.0pt): 
(fancyhdr)                Make it at least 27.03389pt, for example:
(fancyhdr)                \setlength{\headheight}{27.03389pt}.
(fancyhdr)                You might also make \topmargin smaller:
(fancyhdr)                \addtolength{\topmargin}{-15.03389pt}.

[47] (Contenido/06. Modelo de Negocio/EstructuraDeCostos.tex))
(Contenido/07. Metodologia/Metodologia.tex


Package fancyhdr Warning: \headheight is too small (12.0pt): 
(fancyhdr)                Make it at least 27.03389pt, for example:
(fancyhdr)                \setlength{\headheight}{27.03389pt}.
(fancyhdr)                You might also make \topmargin smaller:
(fancyhdr)                \addtolength{\topmargin}{-15.03389pt}.

[48] (Contenido/07. Metodologia/Fase1.tex) (Contenido/07. Metodologia/Fase2.tex



Package fancyhdr Warning: \headheight is too small (12.0pt): 
(fancyhdr)                Make it at least 27.03389pt, for example:
(fancyhdr)                \setlength{\headheight}{27.03389pt}.
(fancyhdr)                You might also make \topmargin smaller:
(fancyhdr)                \addtolength{\topmargin}{-15.03389pt}.

[49

]) (Contenido/07. Metodologia/Fase3.tex)


Package fancyhdr Warning: \headheight is too small (12.0pt): 
(fancyhdr)                Make it at least 27.03389pt, for example:
(fancyhdr)                \setlength{\headheight}{27.03389pt}.
(fancyhdr)                You might also make \topmargin smaller:
(fancyhdr)                \addtolength{\topmargin}{-15.03389pt}.

[50] (Contenido/07. Metodologia/Fase4.tex)


Package fancyhdr Warning: \headheight is too small (12.0pt): 
(fancyhdr)                Make it at least 27.03389pt, for example:
(fancyhdr)                \setlength{\headheight}{27.03389pt}.
(fancyhdr)                You might also make \topmargin smaller:
(fancyhdr)                \addtolength{\topmargin}{-15.03389pt}.

[51]) (Contenido/08. Información de la Empresa/Información.tex


Package fancyhdr Warning: \headheight is too small (12.0pt): 
(fancyhdr)                Make it at least 27.03389pt, for example:
(fancyhdr)                \setlength{\headheight}{27.03389pt}.
(fancyhdr)                You might also make \topmargin smaller:
(fancyhdr)                \addtolength{\topmargin}{-15.03389pt}.

[52] (Contenido/08. Información de la Empresa/Mision.tex)
(Contenido/08. Información de la Empresa/Vision.tex)
(Contenido/08. Información de la Empresa/Valores.tex


Package fancyhdr Warning: \headheight is too small (12.0pt): 
(fancyhdr)                Make it at least 27.03389pt, for example:
(fancyhdr)                \setlength{\headheight}{27.03389pt}.
(fancyhdr)                You might also make \topmargin smaller:
(fancyhdr)                \addtolength{\topmargin}{-15.03389pt}.

[53

]) (Contenido/08. Información de la Empresa/Modelo Organizacional.tex
<Imagenes/ModeloOrganizacional.png, id=1136, 924.45375pt x 462.72874pt>
File: Imagenes/ModeloOrganizacional.png Graphic file (type png)
<use Imagenes/ModeloOrganizacional.png>
Package pdftex.def Info: Imagenes/ModeloOrganizacional.png  used on input line 
8.
(pdftex.def)             Requested size: 341.43306pt x 170.90334pt.
))
(Contenido/09. Plan de Negocios/PlanNegocios.tex


Package fancyhdr Warning: \headheight is too small (12.0pt): 
(fancyhdr)                Make it at least 27.03389pt, for example:
(fancyhdr)                \setlength{\headheight}{27.03389pt}.
(fancyhdr)                You might also make \topmargin smaller:
(fancyhdr)                \addtolength{\topmargin}{-15.03389pt}.

[54 <./Imagenes/ModeloOrganizacional.png>]
(Contenido/09. Plan de Negocios/EstudioMercado.tex


Package fancyhdr Warning: \headheight is too small (12.0pt): 
(fancyhdr)                Make it at least 27.03389pt, for example:
(fancyhdr)                \setlength{\headheight}{27.03389pt}.
(fancyhdr)                You might also make \topmargin smaller:
(fancyhdr)                \addtolength{\topmargin}{-15.03389pt}.

[55

]


Package fancyhdr Warning: \headheight is too small (12.0pt): 
(fancyhdr)                Make it at least 27.03389pt, for example:
(fancyhdr)                \setlength{\headheight}{27.03389pt}.
(fancyhdr)                You might also make \topmargin smaller:
(fancyhdr)                \addtolength{\topmargin}{-15.03389pt}.

[56]
<Imagenes/PasosInboundMarketing.jpeg, id=1154, 2358.8125pt x 1084.05pt>
File: Imagenes/PasosInboundMarketing.jpeg Graphic file (type jpg)
<use Imagenes/PasosInboundMarketing.jpeg>
Package pdftex.def Info: Imagenes/PasosInboundMarketing.jpeg  used on input lin
e 73.
(pdftex.def)             Requested size: 455.24408pt x 209.21373pt.



Package fancyhdr Warning: \headheight is too small (12.0pt): 
(fancyhdr)                Make it at least 27.03389pt, for example:
(fancyhdr)                \setlength{\headheight}{27.03389pt}.
(fancyhdr)                You might also make \topmargin smaller:
(fancyhdr)                \addtolength{\topmargin}{-15.03389pt}.

[57]


Package fancyhdr Warning: \headheight is too small (12.0pt): 
(fancyhdr)                Make it at least 27.03389pt, for example:
(fancyhdr)                \setlength{\headheight}{27.03389pt}.
(fancyhdr)                You might also make \topmargin smaller:
(fancyhdr)                \addtolength{\topmargin}{-15.03389pt}.

[58 <./Imagenes/PasosInboundMarketing.jpeg>]


Package fancyhdr Warning: \headheight is too small (12.0pt): 
(fancyhdr)                Make it at least 27.03389pt, for example:
(fancyhdr)                \setlength{\headheight}{27.03389pt}.
(fancyhdr)                You might also make \topmargin smaller:
(fancyhdr)                \addtolength{\topmargin}{-15.03389pt}.

[59]) (Contenido/09. Plan de Negocios/EstudioTecnico.tex


Package fancyhdr Warning: \headheight is too small (12.0pt): 
(fancyhdr)                Make it at least 27.03389pt, for example:
(fancyhdr)                \setlength{\headheight}{27.03389pt}.
(fancyhdr)                You might also make \topmargin smaller:
(fancyhdr)                \addtolength{\topmargin}{-15.03389pt}.

[60]


Package fancyhdr Warning: \headheight is too small (12.0pt): 
(fancyhdr)                Make it at least 27.03389pt, for example:
(fancyhdr)                \setlength{\headheight}{27.03389pt}.
(fancyhdr)                You might also make \topmargin smaller:
(fancyhdr)                \addtolength{\topmargin}{-15.03389pt}.

[61]


Package fancyhdr Warning: \headheight is too small (12.0pt): 
(fancyhdr)                Make it at least 27.03389pt, for example:
(fancyhdr)                \setlength{\headheight}{27.03389pt}.
(fancyhdr)                You might also make \topmargin smaller:
(fancyhdr)                \addtolength{\topmargin}{-15.03389pt}.

[62]


Package fancyhdr Warning: \headheight is too small (12.0pt): 
(fancyhdr)                Make it at least 27.03389pt, for example:
(fancyhdr)                \setlength{\headheight}{27.03389pt}.
(fancyhdr)                You might also make \topmargin smaller:
(fancyhdr)                \addtolength{\topmargin}{-15.03389pt}.

[63]


Package fancyhdr Warning: \headheight is too small (12.0pt): 
(fancyhdr)                Make it at least 27.03389pt, for example:
(fancyhdr)                \setlength{\headheight}{27.03389pt}.
(fancyhdr)                You might also make \topmargin smaller:
(fancyhdr)                \addtolength{\topmargin}{-15.03389pt}.

[64]
<Imagenes/MetodologiaLeanStartUp.png, id=1198, 1027.84pt x 578.16pt>
File: Imagenes/MetodologiaLeanStartUp.png Graphic file (type png)
<use Imagenes/MetodologiaLeanStartUp.png>
Package pdftex.def Info: Imagenes/MetodologiaLeanStartUp.png  used on input lin
e 134.
(pdftex.def)             Requested size: 341.43306pt x 192.05493pt.



Package fancyhdr Warning: \headheight is too small (12.0pt): 
(fancyhdr)                Make it at least 27.03389pt, for example:
(fancyhdr)                \setlength{\headheight}{27.03389pt}.
(fancyhdr)                You might also make \topmargin smaller:
(fancyhdr)                \addtolength{\topmargin}{-15.03389pt}.

[65 <./Imagenes/MetodologiaLeanStartUp.png>])
(Contenido/09. Plan de Negocios/ProductoMinimoViable.tex


Package fancyhdr Warning: \headheight is too small (12.0pt): 
(fancyhdr)                Make it at least 27.03389pt, for example:
(fancyhdr)                \setlength{\headheight}{27.03389pt}.
(fancyhdr)                You might also make \topmargin smaller:
(fancyhdr)                \addtolength{\topmargin}{-15.03389pt}.

[66]


Package fancyhdr Warning: \headheight is too small (12.0pt): 
(fancyhdr)                Make it at least 27.03389pt, for example:
(fancyhdr)                \setlength{\headheight}{27.03389pt}.
(fancyhdr)                You might also make \topmargin smaller:
(fancyhdr)                \addtolength{\topmargin}{-15.03389pt}.

[67]
Overfull \hbox (28.81635pt too wide) in paragraph at lines 21--22
[]\OT1/ptm/b/n/12 Capa de Da-tos: \OT1/ptm/m/n/12 Es-truc-tu-ra de per-sis-ten-
cia h[]^^Pbri-da que em-plea sis-te-mas re-la-cio-na-les (\OT1/ptm/b/n/12 Postg
reSQL\OT1/ptm/m/n/12 )
 []

<Imagenes/arquitectura.png, id=1218, 7568.275pt x 5369.05875pt>
File: Imagenes/arquitectura.png Graphic file (type png)
<use Imagenes/arquitectura.png>
Package pdftex.def Info: Imagenes/arquitectura.png  used on input line 35.
(pdftex.def)             Requested size: 399.29494pt x 283.2152pt.



Package fancyhdr Warning: \headheight is too small (12.0pt): 
(fancyhdr)                Make it at least 27.03389pt, for example:
(fancyhdr)                \setlength{\headheight}{27.03389pt}.
(fancyhdr)                You might also make \topmargin smaller:
(fancyhdr)                \addtolength{\topmargin}{-15.03389pt}.

[68]
<Imagenes/despliegue.png, id=1225, 4422.5225pt x 3869.45625pt>
File: Imagenes/despliegue.png Graphic file (type png)
<use Imagenes/despliegue.png>
Package pdftex.def Info: Imagenes/despliegue.png  used on input line 46.
(pdftex.def)             Requested size: 399.29494pt x 349.35786pt.



Package fancyhdr Warning: \headheight is too small (12.0pt): 
(fancyhdr)                Make it at least 27.03389pt, for example:
(fancyhdr)                \setlength{\headheight}{27.03389pt}.
(fancyhdr)                You might also make \topmargin smaller:
(fancyhdr)                \addtolength{\topmargin}{-15.03389pt}.

[69 <./Imagenes/arquitectura.png>]


Package fancyhdr Warning: \headheight is too small (12.0pt): 
(fancyhdr)                Make it at least 27.03389pt, for example:
(fancyhdr)                \setlength{\headheight}{27.03389pt}.
(fancyhdr)                You might also make \topmargin smaller:
(fancyhdr)                \addtolength{\topmargin}{-15.03389pt}.

[70 <./Imagenes/despliegue.png>]
Overfull \hbox (10.68867pt too wide) in paragraph at lines 78--90
[][] 
 []




Package fancyhdr Warning: \headheight is too small (12.0pt): 
(fancyhdr)                Make it at least 27.03389pt, for example:
(fancyhdr)                \setlength{\headheight}{27.03389pt}.
(fancyhdr)                You might also make \topmargin smaller:
(fancyhdr)                \addtolength{\topmargin}{-15.03389pt}.

[71]
Overfull \hbox (10.68867pt too wide) in paragraph at lines 93--105
[][] 
 []




Package fancyhdr Warning: \headheight is too small (12.0pt): 
(fancyhdr)                Make it at least 27.03389pt, for example:
(fancyhdr)                \setlength{\headheight}{27.03389pt}.
(fancyhdr)                You might also make \topmargin smaller:
(fancyhdr)                \addtolength{\topmargin}{-15.03389pt}.

[72]
Overfull \hbox (10.68867pt too wide) in paragraph at lines 108--120
[][] 
 []




Package fancyhdr Warning: \headheight is too small (12.0pt): 
(fancyhdr)                Make it at least 27.03389pt, for example:
(fancyhdr)                \setlength{\headheight}{27.03389pt}.
(fancyhdr)                You might also make \topmargin smaller:
(fancyhdr)                \addtolength{\topmargin}{-15.03389pt}.

[73]
Overfull \hbox (10.68867pt too wide) in paragraph at lines 123--135
[][] 
 []




Package fancyhdr Warning: \headheight is too small (12.0pt): 
(fancyhdr)                Make it at least 27.03389pt, for example:
(fancyhdr)                \setlength{\headheight}{27.03389pt}.
(fancyhdr)                You might also make \topmargin smaller:
(fancyhdr)                \addtolength{\topmargin}{-15.03389pt}.

[74]
Overfull \hbox (10.68867pt too wide) in paragraph at lines 139--151
[][] 
 []




Package fancyhdr Warning: \headheight is too small (12.0pt): 
(fancyhdr)                Make it at least 27.03389pt, for example:
(fancyhdr)                \setlength{\headheight}{27.03389pt}.
(fancyhdr)                You might also make \topmargin smaller:
(fancyhdr)                \addtolength{\topmargin}{-15.03389pt}.

[75]
Overfull \hbox (10.68867pt too wide) in paragraph at lines 154--166
[][] 
 []


Overfull \hbox (10.68867pt too wide) in paragraph at lines 169--181
[][] 
 []




Package fancyhdr Warning: \headheight is too small (12.0pt): 
(fancyhdr)                Make it at least 27.03389pt, for example:
(fancyhdr)                \setlength{\headheight}{27.03389pt}.
(fancyhdr)                You might also make \topmargin smaller:
(fancyhdr)                \addtolength{\topmargin}{-15.03389pt}.

[76]
Overfull \hbox (10.68867pt too wide) in paragraph at lines 184--196
[][] 
 []




Package fancyhdr Warning: \headheight is too small (12.0pt): 
(fancyhdr)                Make it at least 27.03389pt, for example:
(fancyhdr)                \setlength{\headheight}{27.03389pt}.
(fancyhdr)                You might also make \topmargin smaller:
(fancyhdr)                \addtolength{\topmargin}{-15.03389pt}.

[77]
Overfull \hbox (10.68867pt too wide) in paragraph at lines 199--211
[][] 
 []




Package fancyhdr Warning: \headheight is too small (12.0pt): 
(fancyhdr)                Make it at least 27.03389pt, for example:
(fancyhdr)                \setlength{\headheight}{27.03389pt}.
(fancyhdr)                You might also make \topmargin smaller:
(fancyhdr)                \addtolength{\topmargin}{-15.03389pt}.

[78]
Overfull \hbox (10.68867pt too wide) in paragraph at lines 214--226
[][] 
 []




Package fancyhdr Warning: \headheight is too small (12.0pt): 
(fancyhdr)                Make it at least 27.03389pt, for example:
(fancyhdr)                \setlength{\headheight}{27.03389pt}.
(fancyhdr)                You might also make \topmargin smaller:
(fancyhdr)                \addtolength{\topmargin}{-15.03389pt}.

[79]
Overfull \hbox (10.68867pt too wide) in paragraph at lines 229--241
[][] 
 []




Package fancyhdr Warning: \headheight is too small (12.0pt): 
(fancyhdr)                Make it at least 27.03389pt, for example:
(fancyhdr)                \setlength{\headheight}{27.03389pt}.
(fancyhdr)                You might also make \topmargin smaller:
(fancyhdr)                \addtolength{\topmargin}{-15.03389pt}.

[80]
Overfull \hbox (10.68867pt too wide) in paragraph at lines 251--262
[][] 
 []




Package fancyhdr Warning: \headheight is too small (12.0pt): 
(fancyhdr)                Make it at least 27.03389pt, for example:
(fancyhdr)                \setlength{\headheight}{27.03389pt}.
(fancyhdr)                You might also make \topmargin smaller:
(fancyhdr)                \addtolength{\topmargin}{-15.03389pt}.

[81]
Overfull \hbox (10.68867pt too wide) in paragraph at lines 265--276
[][] 
 []


Overfull \hbox (10.68867pt too wide) in paragraph at lines 279--290
[][] 
 []




Package fancyhdr Warning: \headheight is too small (12.0pt): 
(fancyhdr)                Make it at least 27.03389pt, for example:
(fancyhdr)                \setlength{\headheight}{27.03389pt}.
(fancyhdr)                You might also make \topmargin smaller:
(fancyhdr)                \addtolength{\topmargin}{-15.03389pt}.

[82]
Overfull \hbox (10.68867pt too wide) in paragraph at lines 293--304
[][] 
 []


Overfull \hbox (10.68867pt too wide) in paragraph at lines 307--318
[][] 
 []




Package fancyhdr Warning: \headheight is too small (12.0pt): 
(fancyhdr)                Make it at least 27.03389pt, for example:
(fancyhdr)                \setlength{\headheight}{27.03389pt}.
(fancyhdr)                You might also make \topmargin smaller:
(fancyhdr)                \addtolength{\topmargin}{-15.03389pt}.

[83]
Overfull \hbox (10.68867pt too wide) in paragraph at lines 321--332
[][] 
 []


Overfull \hbox (10.68867pt too wide) in paragraph at lines 335--346
[][] 
 []




Package fancyhdr Warning: \headheight is too small (12.0pt): 
(fancyhdr)                Make it at least 27.03389pt, for example:
(fancyhdr)                \setlength{\headheight}{27.03389pt}.
(fancyhdr)                You might also make \topmargin smaller:
(fancyhdr)                \addtolength{\topmargin}{-15.03389pt}.

[84]
Overfull \hbox (10.68867pt too wide) in paragraph at lines 349--360
[][] 
 []


Overfull \hbox (10.68867pt too wide) in paragraph at lines 363--374
[][] 
 []




Package fancyhdr Warning: \headheight is too small (12.0pt): 
(fancyhdr)                Make it at least 27.03389pt, for example:
(fancyhdr)                \setlength{\headheight}{27.03389pt}.
(fancyhdr)                You might also make \topmargin smaller:
(fancyhdr)                \addtolength{\topmargin}{-15.03389pt}.

[85]
Overfull \hbox (10.68867pt too wide) in paragraph at lines 377--388
[][] 
 []




Package fancyhdr Warning: \headheight is too small (12.0pt): 
(fancyhdr)                Make it at least 27.03389pt, for example:
(fancyhdr)                \setlength{\headheight}{27.03389pt}.
(fancyhdr)                You might also make \topmargin smaller:
(fancyhdr)                \addtolength{\topmargin}{-15.03389pt}.

[86]
<Imagenes/CasoUsoRF01.png, id=1325, 524.96124pt x 362.35374pt>
File: Imagenes/CasoUsoRF01.png Graphic file (type png)
<use Imagenes/CasoUsoRF01.png>
Package pdftex.def Info: Imagenes/CasoUsoRF01.png  used on input line 398.
(pdftex.def)             Requested size: 341.43306pt x 235.68195pt.
<Imagenes/CasoUsoRF02.png, id=1326, 524.96124pt x 362.35374pt>
File: Imagenes/CasoUsoRF02.png Graphic file (type png)
<use Imagenes/CasoUsoRF02.png>
Package pdftex.def Info: Imagenes/CasoUsoRF02.png  used on input line 405.
(pdftex.def)             Requested size: 341.43306pt x 235.68195pt.
<Imagenes/CasoUsoRF03.png, id=1327, 729.72626pt x 432.61626pt>
File: Imagenes/CasoUsoRF03.png Graphic file (type png)
<use Imagenes/CasoUsoRF03.png>
Package pdftex.def Info: Imagenes/CasoUsoRF03.png  used on input line 412.
(pdftex.def)             Requested size: 341.43306pt x 202.4187pt.



Package fancyhdr Warning: \headheight is too small (12.0pt): 
(fancyhdr)                Make it at least 27.03389pt, for example:
(fancyhdr)                \setlength{\headheight}{27.03389pt}.
(fancyhdr)                You might also make \topmargin smaller:
(fancyhdr)                \addtolength{\topmargin}{-15.03389pt}.

[87 <./Imagenes/CasoUsoRF01.png> <./Imagenes/CasoUsoRF02.png>]
<Imagenes/CasoUsoRF04.png, id=1334, 748.7975pt x 583.17876pt>
File: Imagenes/CasoUsoRF04.png Graphic file (type png)
<use Imagenes/CasoUsoRF04.png>
Package pdftex.def Info: Imagenes/CasoUsoRF04.png  used on input line 419.
(pdftex.def)             Requested size: 341.43306pt x 265.91626pt.
<Imagenes/CasoUsoRF05.png, id=1335, 759.83875pt x 513.92pt>
File: Imagenes/CasoUsoRF05.png Graphic file (type png)
<use Imagenes/CasoUsoRF05.png>
Package pdftex.def Info: Imagenes/CasoUsoRF05.png  used on input line 426.
(pdftex.def)             Requested size: 341.43306pt x 230.9325pt.



Package fancyhdr Warning: \headheight is too small (12.0pt): 
(fancyhdr)                Make it at least 27.03389pt, for example:
(fancyhdr)                \setlength{\headheight}{27.03389pt}.
(fancyhdr)                You might also make \topmargin smaller:
(fancyhdr)                \addtolength{\topmargin}{-15.03389pt}.

[88 <./Imagenes/CasoUsoRF03.png> <./Imagenes/CasoUsoRF04.png>]
<Imagenes/CasoUsoRF06.png, id=1342, 960.58875pt x 512.91624pt>
File: Imagenes/CasoUsoRF06.png Graphic file (type png)
<use Imagenes/CasoUsoRF06.png>
Package pdftex.def Info: Imagenes/CasoUsoRF06.png  used on input line 433.
(pdftex.def)             Requested size: 341.43306pt x 182.30959pt.
<Imagenes/CasoUsoRF07.png, id=1343, 708.6475pt x 432.61626pt>
File: Imagenes/CasoUsoRF07.png Graphic file (type png)
<use Imagenes/CasoUsoRF07.png>
Package pdftex.def Info: Imagenes/CasoUsoRF07.png  used on input line 440.
(pdftex.def)             Requested size: 341.43306pt x 208.43898pt.



Package fancyhdr Warning: \headheight is too small (12.0pt): 
(fancyhdr)                Make it at least 27.03389pt, for example:
(fancyhdr)                \setlength{\headheight}{27.03389pt}.
(fancyhdr)                You might also make \topmargin smaller:
(fancyhdr)                \addtolength{\topmargin}{-15.03389pt}.

[89 <./Imagenes/CasoUsoRF05.png> <./Imagenes/CasoUsoRF06.png>]
<Imagenes/CasoUsoRF08.png, id=1350, 509.905pt x 544.0325pt>
File: Imagenes/CasoUsoRF08.png Graphic file (type png)
<use Imagenes/CasoUsoRF08.png>
Package pdftex.def Info: Imagenes/CasoUsoRF08.png  used on input line 447.
(pdftex.def)             Requested size: 341.43306pt x 364.30066pt.
<Imagenes/CasoUsoRF09.png, id=1351, 708.6475pt x 492.84125pt>
File: Imagenes/CasoUsoRF09.png Graphic file (type png)
<use Imagenes/CasoUsoRF09.png>
Package pdftex.def Info: Imagenes/CasoUsoRF09.png  used on input line 454.
(pdftex.def)             Requested size: 341.43306pt x 237.456pt.



Package fancyhdr Warning: \headheight is too small (12.0pt): 
(fancyhdr)                Make it at least 27.03389pt, for example:
(fancyhdr)                \setlength{\headheight}{27.03389pt}.
(fancyhdr)                You might also make \topmargin smaller:
(fancyhdr)                \addtolength{\topmargin}{-15.03389pt}.

[90 <./Imagenes/CasoUsoRF07.png> <./Imagenes/CasoUsoRF08.png>]
<Imagenes/CasoUsoRF10.png, id=1358, 775.89874pt x 502.87875pt>
File: Imagenes/CasoUsoRF10.png Graphic file (type png)
<use Imagenes/CasoUsoRF10.png>
Package pdftex.def Info: Imagenes/CasoUsoRF10.png  used on input line 461.
(pdftex.def)             Requested size: 341.43306pt x 221.29034pt.
<Imagenes/CasoUsoRF11.png, id=1359, 775.89874pt x 502.87875pt>
File: Imagenes/CasoUsoRF11.png Graphic file (type png)
<use Imagenes/CasoUsoRF11.png>
Package pdftex.def Info: Imagenes/CasoUsoRF11.png  used on input line 468.
(pdftex.def)             Requested size: 341.43306pt x 221.29034pt.



Package fancyhdr Warning: \headheight is too small (12.0pt): 
(fancyhdr)                Make it at least 27.03389pt, for example:
(fancyhdr)                \setlength{\headheight}{27.03389pt}.
(fancyhdr)                You might also make \topmargin smaller:
(fancyhdr)                \addtolength{\topmargin}{-15.03389pt}.

[91 <./Imagenes/CasoUsoRF09.png> <./Imagenes/CasoUsoRF10.png>]
<Imagenes/principal.png, id=1366, 1389.69188pt x 752.8125pt>
File: Imagenes/principal.png Graphic file (type png)
<use Imagenes/principal.png>
Package pdftex.def Info: Imagenes/principal.png  used on input line 482.
(pdftex.def)             Requested size: 426.79134pt x 231.18694pt.
<Imagenes/progreso.png, id=1367, 1377.64688pt x 770.12718pt>
File: Imagenes/progreso.png Graphic file (type png)
<use Imagenes/progreso.png>
Package pdftex.def Info: Imagenes/progreso.png  used on input line 489.
(pdftex.def)             Requested size: 426.79134pt x 238.58418pt.



Package fancyhdr Warning: \headheight is too small (12.0pt): 
(fancyhdr)                Make it at least 27.03389pt, for example:
(fancyhdr)                \setlength{\headheight}{27.03389pt}.
(fancyhdr)                You might also make \topmargin smaller:
(fancyhdr)                \addtolength{\topmargin}{-15.03389pt}.

[92 <./Imagenes/CasoUsoRF11.png> <./Imagenes/principal.png>]
<Imagenes/videoteca.png, id=1375, 1382.16376pt x 752.0597pt>
File: Imagenes/videoteca.png Graphic file (type png)
<use Imagenes/videoteca.png>
Package pdftex.def Info: Imagenes/videoteca.png  used on input line 496.
(pdftex.def)             Requested size: 426.79134pt x 232.21805pt.
<Imagenes/planes.png, id=1376, 1382.91656pt x 770.12718pt>
File: Imagenes/planes.png Graphic file (type png)
<use Imagenes/planes.png>
Package pdftex.def Info: Imagenes/planes.png  used on input line 503.
(pdftex.def)             Requested size: 426.79134pt x 237.66759pt.



Package fancyhdr Warning: \headheight is too small (12.0pt): 
(fancyhdr)                Make it at least 27.03389pt, for example:
(fancyhdr)                \setlength{\headheight}{27.03389pt}.
(fancyhdr)                You might also make \topmargin smaller:
(fancyhdr)                \addtolength{\topmargin}{-15.03389pt}.

[93 <./Imagenes/progreso.png> <./Imagenes/videoteca.png>]
<Imagenes/ruta.png, id=1383, 1380.65813pt x 777.65532pt>
File: Imagenes/ruta.png Graphic file (type png)
<use Imagenes/ruta.png>
Package pdftex.def Info: Imagenes/ruta.png  used on input line 510.
(pdftex.def)             Requested size: 426.79134pt x 240.39429pt.
)
(Contenido/09. Plan de Negocios/EstudioLegal.tex


Package fancyhdr Warning: \headheight is too small (12.0pt): 
(fancyhdr)                Make it at least 27.03389pt, for example:
(fancyhdr)                \setlength{\headheight}{27.03389pt}.
(fancyhdr)                You might also make \topmargin smaller:
(fancyhdr)                \addtolength{\topmargin}{-15.03389pt}.

[94 <./Imagenes/planes.png> <./Imagenes/ruta.png>]
Overfull \hbox (0.48091pt too wide) in paragraph at lines 13--14
[]\OT1/ptm/m/n/12 Nuestra em-pre-sa ser[]a cons-ti-tui-da ba-jo la fi-gu-ra de 
So-cie-dad por Ac-cio-nes Sim-pli-fi-ca-da (S.A.S.),
 []




Package fancyhdr Warning: \headheight is too small (12.0pt): 
(fancyhdr)                Make it at least 27.03389pt, for example:
(fancyhdr)                \setlength{\headheight}{27.03389pt}.
(fancyhdr)                You might also make \topmargin smaller:
(fancyhdr)                \addtolength{\topmargin}{-15.03389pt}.

[95]


Package fancyhdr Warning: \headheight is too small (12.0pt): 
(fancyhdr)                Make it at least 27.03389pt, for example:
(fancyhdr)                \setlength{\headheight}{27.03389pt}.
(fancyhdr)                You might also make \topmargin smaller:
(fancyhdr)                \addtolength{\topmargin}{-15.03389pt}.

[96]


Package fancyhdr Warning: \headheight is too small (12.0pt): 
(fancyhdr)                Make it at least 27.03389pt, for example:
(fancyhdr)                \setlength{\headheight}{27.03389pt}.
(fancyhdr)                You might also make \topmargin smaller:
(fancyhdr)                \addtolength{\topmargin}{-15.03389pt}.

[97]


Package fancyhdr Warning: \headheight is too small (12.0pt): 
(fancyhdr)                Make it at least 27.03389pt, for example:
(fancyhdr)                \setlength{\headheight}{27.03389pt}.
(fancyhdr)                You might also make \topmargin smaller:
(fancyhdr)                \addtolength{\topmargin}{-15.03389pt}.

[98]


Package fancyhdr Warning: \headheight is too small (12.0pt): 
(fancyhdr)                Make it at least 27.03389pt, for example:
(fancyhdr)                \setlength{\headheight}{27.03389pt}.
(fancyhdr)                You might also make \topmargin smaller:
(fancyhdr)                \addtolength{\topmargin}{-15.03389pt}.

[99]


Package fancyhdr Warning: \headheight is too small (12.0pt): 
(fancyhdr)                Make it at least 27.03389pt, for example:
(fancyhdr)                \setlength{\headheight}{27.03389pt}.
(fancyhdr)                You might also make \topmargin smaller:
(fancyhdr)                \addtolength{\topmargin}{-15.03389pt}.

[100]) (Contenido/09. Plan de Negocios/EstudioAmbiental.tex


Package fancyhdr Warning: \headheight is too small (12.0pt): 
(fancyhdr)                Make it at least 27.03389pt, for example:
(fancyhdr)                \setlength{\headheight}{27.03389pt}.
(fancyhdr)                You might also make \topmargin smaller:
(fancyhdr)                \addtolength{\topmargin}{-15.03389pt}.

[101]


Package fancyhdr Warning: \headheight is too small (12.0pt): 
(fancyhdr)                Make it at least 27.03389pt, for example:
(fancyhdr)                \setlength{\headheight}{27.03389pt}.
(fancyhdr)                You might also make \topmargin smaller:
(fancyhdr)                \addtolength{\topmargin}{-15.03389pt}.

[102]
<Imagenes/TablaImpactosAmbientales.png, id=1470, 568.37344pt x 340.27126pt>
File: Imagenes/TablaImpactosAmbientales.png Graphic file (type png)
<use Imagenes/TablaImpactosAmbientales.png>
Package pdftex.def Info: Imagenes/TablaImpactosAmbientales.png  used on input l
ine 30.
(pdftex.def)             Requested size: 341.43306pt x 204.41354pt.



Package fancyhdr Warning: \headheight is too small (12.0pt): 
(fancyhdr)                Make it at least 27.03389pt, for example:
(fancyhdr)                \setlength{\headheight}{27.03389pt}.
(fancyhdr)                You might also make \topmargin smaller:
(fancyhdr)                \addtolength{\topmargin}{-15.03389pt}.

[103]


Package fancyhdr Warning: \headheight is too small (12.0pt): 
(fancyhdr)                Make it at least 27.03389pt, for example:
(fancyhdr)                \setlength{\headheight}{27.03389pt}.
(fancyhdr)                You might also make \topmargin smaller:
(fancyhdr)                \addtolength{\topmargin}{-15.03389pt}.

[104 <./Imagenes/TablaImpactosAmbientales.png>]))
(Contenido/10. Analisis Financiero/AnalisisFinanciero.tex


Package fancyhdr Warning: \headheight is too small (12.0pt): 
(fancyhdr)                Make it at least 27.03389pt, for example:
(fancyhdr)                \setlength{\headheight}{27.03389pt}.
(fancyhdr)                You might also make \topmargin smaller:
(fancyhdr)                \addtolength{\topmargin}{-15.03389pt}.

[105] (Contenido/10. Analisis Financiero/InversionInicial.tex
<Imagenes/InversionInicial.png, id=1488, 559.33969pt x 199.49532pt>
File: Imagenes/InversionInicial.png Graphic file (type png)
<use Imagenes/InversionInicial.png>
Package pdftex.def Info: Imagenes/InversionInicial.png  used on input line 13.
(pdftex.def)             Requested size: 341.43306pt x 121.78023pt.
)
(Contenido/10. Analisis Financiero/Establecimiento.tex
<Imagenes/ActivosTangibles.png, id=1490, 800.23969pt x 134.75343pt>
File: Imagenes/ActivosTangibles.png Graphic file (type png)
<use Imagenes/ActivosTangibles.png>
Package pdftex.def Info: Imagenes/ActivosTangibles.png  used on input line 18.
(pdftex.def)             Requested size: 369.88582pt x 62.28546pt.



Package fancyhdr Warning: \headheight is too small (12.0pt): 
(fancyhdr)                Make it at least 27.03389pt, for example:
(fancyhdr)                \setlength{\headheight}{27.03389pt}.
(fancyhdr)                You might also make \topmargin smaller:
(fancyhdr)                \addtolength{\topmargin}{-15.03389pt}.

[106

 <./Imagenes/InversionInicial.png>]
<Imagenes/ActivosIntangibles.png, id=1497, 411.03563pt x 143.78719pt>
File: Imagenes/ActivosIntangibles.png Graphic file (type png)
<use Imagenes/ActivosIntangibles.png>
Package pdftex.def Info: Imagenes/ActivosIntangibles.png  used on input line 32
.
(pdftex.def)             Requested size: 341.43306pt x 119.43987pt.
<Imagenes/ActivosFijos.png, id=1499, 411.78844pt x 106.89937pt>
File: Imagenes/ActivosFijos.png Graphic file (type png)
<use Imagenes/ActivosFijos.png>
Package pdftex.def Info: Imagenes/ActivosFijos.png  used on input line 46.
(pdftex.def)             Requested size: 341.43306pt x 88.63509pt.



Package fancyhdr Warning: \headheight is too small (12.0pt): 
(fancyhdr)                Make it at least 27.03389pt, for example:
(fancyhdr)                \setlength{\headheight}{27.03389pt}.
(fancyhdr)                You might also make \topmargin smaller:
(fancyhdr)                \addtolength{\topmargin}{-15.03389pt}.

[107 <./Imagenes/ActivosTangibles.png> <./Imagenes/ActivosIntangibles.png> <./I
magenes/ActivosFijos.png>]
<Imagenes/TablaFinanciamiento.png, id=1508, 301.125pt x 100.87688pt>
File: Imagenes/TablaFinanciamiento.png Graphic file (type png)
<use Imagenes/TablaFinanciamiento.png>
Package pdftex.def Info: Imagenes/TablaFinanciamiento.png  used on input line 6
0.
(pdftex.def)             Requested size: 312.9803pt x 104.85866pt.
)
(Contenido/10. Analisis Financiero/IngresosEgresos.tex
<Imagenes/TablaIngresos.png, id=1510, 718.93594pt x 100.12407pt>
File: Imagenes/TablaIngresos.png Graphic file (type png)
<use Imagenes/TablaIngresos.png>
Package pdftex.def Info: Imagenes/TablaIngresos.png  used on input line 21.
(pdftex.def)             Requested size: 398.33858pt x 55.4763pt.



Package fancyhdr Warning: \headheight is too small (12.0pt): 
(fancyhdr)                Make it at least 27.03389pt, for example:
(fancyhdr)                \setlength{\headheight}{27.03389pt}.
(fancyhdr)                You might also make \topmargin smaller:
(fancyhdr)                \addtolength{\topmargin}{-15.03389pt}.

[108 <./Imagenes/TablaFinanciamiento.png>]
<Imagenes/TablaEgresosPQ.png, id=1517, 658.71094pt x 476.53032pt>
File: Imagenes/TablaEgresosPQ.png Graphic file (type png)
<use Imagenes/TablaEgresosPQ.png>
Package pdftex.def Info: Imagenes/TablaEgresosPQ.png  used on input line 37.
(pdftex.def)             Requested size: 426.79134pt x 308.75941pt.
)


Package fancyhdr Warning: \headheight is too small (12.0pt): 
(fancyhdr)                Make it at least 27.03389pt, for example:
(fancyhdr)                \setlength{\headheight}{27.03389pt}.
(fancyhdr)                You might also make \topmargin smaller:
(fancyhdr)                \addtolength{\topmargin}{-15.03389pt}.

[109 <./Imagenes/TablaIngresos.png>]
(Contenido/10. Analisis Financiero/ProyeccionVentas.tex
<Imagenes/ProyeccionVentas.png, id=1524, 717.43031pt x 119.69719pt>
File: Imagenes/ProyeccionVentas.png Graphic file (type png)
<use Imagenes/ProyeccionVentas.png>
Package pdftex.def Info: Imagenes/ProyeccionVentas.png  used on input line 12.
(pdftex.def)             Requested size: 398.33858pt x 66.46011pt.



Package fancyhdr Warning: \headheight is too small (12.0pt): 
(fancyhdr)                Make it at least 27.03389pt, for example:
(fancyhdr)                \setlength{\headheight}{27.03389pt}.
(fancyhdr)                You might also make \topmargin smaller:
(fancyhdr)                \addtolength{\topmargin}{-15.03389pt}.

[110 <./Imagenes/TablaEgresosPQ.png>]
<Imagenes/IPCFlujo.png, id=1532, 902.6222pt x 138.5175pt>
File: Imagenes/IPCFlujo.png Graphic file (type png)
<use Imagenes/IPCFlujo.png>
Package pdftex.def Info: Imagenes/IPCFlujo.png  used on input line 21.
(pdftex.def)             Requested size: 398.33858pt x 61.12965pt.
)
(Contenido/10. Analisis Financiero/AmortizacionDepreciacion.tex
<Imagenes/Prestamo.png, id=1534, 310.15875pt x 140.77594pt>
File: Imagenes/Prestamo.png Graphic file (type png)
<use Imagenes/Prestamo.png>
Package pdftex.def Info: Imagenes/Prestamo.png  used on input line 15.
(pdftex.def)             Requested size: 312.9803pt x 142.05582pt.



Package fancyhdr Warning: \headheight is too small (12.0pt): 
(fancyhdr)                Make it at least 27.03389pt, for example:
(fancyhdr)                \setlength{\headheight}{27.03389pt}.
(fancyhdr)                You might also make \topmargin smaller:
(fancyhdr)                \addtolength{\topmargin}{-15.03389pt}.

[111 <./Imagenes/ProyeccionVentas.png> <./Imagenes/IPCFlujo.png>]
<Imagenes/Amortizacion.png, id=1541, 557.83406pt x 140.77594pt>
File: Imagenes/Amortizacion.png Graphic file (type png)
<use Imagenes/Amortizacion.png>
Package pdftex.def Info: Imagenes/Amortizacion.png  used on input line 29.
(pdftex.def)             Requested size: 369.88582pt x 93.3463pt.
<Imagenes/Depreciacion.png, id=1543, 731.73375pt x 177.66376pt>
File: Imagenes/Depreciacion.png Graphic file (type png)
<use Imagenes/Depreciacion.png>
Package pdftex.def Info: Imagenes/Depreciacion.png  used on input line 43.
(pdftex.def)             Requested size: 369.88582pt x 89.80759pt.
)


Package fancyhdr Warning: \headheight is too small (12.0pt): 
(fancyhdr)                Make it at least 27.03389pt, for example:
(fancyhdr)                \setlength{\headheight}{27.03389pt}.
(fancyhdr)                You might also make \topmargin smaller:
(fancyhdr)                \addtolength{\topmargin}{-15.03389pt}.

[112 <./Imagenes/Prestamo.png> <./Imagenes/Amortizacion.png>]
(Contenido/10. Analisis Financiero/BalanceGeneral.tex


Package fancyhdr Warning: \headheight is too small (12.0pt): 
(fancyhdr)                Make it at least 27.03389pt, for example:
(fancyhdr)                \setlength{\headheight}{27.03389pt}.
(fancyhdr)                You might also make \topmargin smaller:
(fancyhdr)                \addtolength{\topmargin}{-15.03389pt}.

[113 <./Imagenes/Depreciacion.png>]
<Imagenes/BalanceGeneralPQ.png, id=1558, 638.385pt x 532.23843pt>
File: Imagenes/BalanceGeneralPQ.png Graphic file (type png)
<use Imagenes/BalanceGeneralPQ.png>
Package pdftex.def Info: Imagenes/BalanceGeneralPQ.png  used on input line 27.
(pdftex.def)             Requested size: 426.79134pt x 355.82637pt.
)


Package fancyhdr Warning: \headheight is too small (12.0pt): 
(fancyhdr)                Make it at least 27.03389pt, for example:
(fancyhdr)                \setlength{\headheight}{27.03389pt}.
(fancyhdr)                You might also make \topmargin smaller:
(fancyhdr)                \addtolength{\topmargin}{-15.03389pt}.

[114] (Contenido/10. Analisis Financiero/EstadoResultados.tex
<Imagenes/EstadoResultadosPQ.png, id=1564, 814.54312pt x 415.5525pt>
File: Imagenes/EstadoResultadosPQ.png Graphic file (type png)
<use Imagenes/EstadoResultadosPQ.png>
Package pdftex.def Info: Imagenes/EstadoResultadosPQ.png  used on input line 13
.
(pdftex.def)             Requested size: 426.79134pt x 217.73715pt.
)


Package fancyhdr Warning: \headheight is too small (12.0pt): 
(fancyhdr)                Make it at least 27.03389pt, for example:
(fancyhdr)                \setlength{\headheight}{27.03389pt}.
(fancyhdr)                You might also make \topmargin smaller:
(fancyhdr)                \addtolength{\topmargin}{-15.03389pt}.

[115 <./Imagenes/BalanceGeneralPQ.png>]
(Contenido/10. Analisis Financiero/FlujoCaja.tex
<Imagenes/FlujoCajaPQ.png, id=1571, 740.0147pt x 454.69875pt>
File: Imagenes/FlujoCajaPQ.png Graphic file (type png)
<use Imagenes/FlujoCajaPQ.png>
Package pdftex.def Info: Imagenes/FlujoCajaPQ.png  used on input line 11.
(pdftex.def)             Requested size: 426.79134pt x 262.24069pt.
)


Package fancyhdr Warning: \headheight is too small (12.0pt): 
(fancyhdr)                Make it at least 27.03389pt, for example:
(fancyhdr)                \setlength{\headheight}{27.03389pt}.
(fancyhdr)                You might also make \topmargin smaller:
(fancyhdr)                \addtolength{\topmargin}{-15.03389pt}.

[116 <./Imagenes/EstadoResultadosPQ.png>]
(Contenido/10. Analisis Financiero/FlujoEfectivo.tex


Package fancyhdr Warning: \headheight is too small (12.0pt): 
(fancyhdr)                Make it at least 27.03389pt, for example:
(fancyhdr)                \setlength{\headheight}{27.03389pt}.
(fancyhdr)                You might also make \topmargin smaller:
(fancyhdr)                \addtolength{\topmargin}{-15.03389pt}.

[117 <./Imagenes/FlujoCajaPQ.png>]
<Imagenes/FlujoEfectivoPQ.png, id=1583, 848.4197pt x 479.54156pt>
File: Imagenes/FlujoEfectivoPQ.png Graphic file (type png)
<use Imagenes/FlujoEfectivoPQ.png>
Package pdftex.def Info: Imagenes/FlujoEfectivoPQ.png  used on input line 23.
(pdftex.def)             Requested size: 426.79134pt x 241.22632pt.
)
(Contenido/10. Analisis Financiero/PuntoEquilibrio.tex
<Imagenes/CostosFijosPQ.png, id=1585, 523.20468pt x 176.91093pt>
File: Imagenes/CostosFijosPQ.png Graphic file (type png)
<use Imagenes/CostosFijosPQ.png>
Package pdftex.def Info: Imagenes/CostosFijosPQ.png  used on input line 10.
(pdftex.def)             Requested size: 369.88582pt x 125.07043pt.



Package fancyhdr Warning: \headheight is too small (12.0pt): 
(fancyhdr)                Make it at least 27.03389pt, for example:
(fancyhdr)                \setlength{\headheight}{27.03389pt}.
(fancyhdr)                You might also make \topmargin smaller:
(fancyhdr)                \addtolength{\topmargin}{-15.03389pt}.

[118 <./Imagenes/FlujoEfectivoPQ.png>]
<Imagenes/EstimacionesPuntoPQ.png, id=1591, 350.81062pt x 126.4725pt>
File: Imagenes/EstimacionesPuntoPQ.png Graphic file (type png)
<use Imagenes/EstimacionesPuntoPQ.png>
Package pdftex.def Info: Imagenes/EstimacionesPuntoPQ.png  used on input line 1
9.
(pdftex.def)             Requested size: 312.9803pt x 112.8419pt.
<Imagenes/GraficaPuntoPQ.png, id=1592, 760.34062pt x 384.6872pt>
File: Imagenes/GraficaPuntoPQ.png Graphic file (type png)
<use Imagenes/GraficaPuntoPQ.png>
Package pdftex.def Info: Imagenes/GraficaPuntoPQ.png  used on input line 28.
(pdftex.def)             Requested size: 426.79134pt x 215.93404pt.



Package fancyhdr Warning: \headheight is too small (12.0pt): 
(fancyhdr)                Make it at least 27.03389pt, for example:
(fancyhdr)                \setlength{\headheight}{27.03389pt}.
(fancyhdr)                You might also make \topmargin smaller:
(fancyhdr)                \addtolength{\topmargin}{-15.03389pt}.

[119 <./Imagenes/CostosFijosPQ.png> <./Imagenes/EstimacionesPuntoPQ.png>]
<Imagenes/PuntoEquilibrioPQ.png, id=1599, 353.06906pt x 74.52844pt>
File: Imagenes/PuntoEquilibrioPQ.png Graphic file (type png)
<use Imagenes/PuntoEquilibrioPQ.png>
Package pdftex.def Info: Imagenes/PuntoEquilibrioPQ.png  used on input line 37.

(pdftex.def)             Requested size: 284.52756pt x 60.06064pt.
)
(Contenido/10. Analisis Financiero/IndicadoresFinancieros.tex


Package fancyhdr Warning: \headheight is too small (12.0pt): 
(fancyhdr)                Make it at least 27.03389pt, for example:
(fancyhdr)                \setlength{\headheight}{27.03389pt}.
(fancyhdr)                You might also make \topmargin smaller:
(fancyhdr)                \addtolength{\topmargin}{-15.03389pt}.

[120 <./Imagenes/GraficaPuntoPQ.png> <./Imagenes/PuntoEquilibrioPQ.png>]
<Imagenes/IndicadoresFinancierosPQ.png, id=1607, 587.19376pt x 139.27031pt>
File: Imagenes/IndicadoresFinancierosPQ.png Graphic file (type png)
<use Imagenes/IndicadoresFinancierosPQ.png>
Package pdftex.def Info: Imagenes/IndicadoresFinancierosPQ.png  used on input l
ine 27.
(pdftex.def)             Requested size: 369.88582pt x 87.728pt.

Overfull \hbox (10.8968pt too wide) in paragraph at lines 31--32
[]\OT1/ptm/m/n/12 Adicionalmente, se ana-li-za-ron los in-di-ca-do-res fi-nan-c
ie-ros VAN, TIR y la re-la-ci[]on costo-beneficio,
 []

<Imagenes/FlujoCajaLibrePQ.png, id=1609, 192.72pt x 161.10187pt>
File: Imagenes/FlujoCajaLibrePQ.png Graphic file (type png)
<use Imagenes/FlujoCajaLibrePQ.png>
Package pdftex.def Info: Imagenes/FlujoCajaLibrePQ.png  used on input line 36.
(pdftex.def)             Requested size: 256.0748pt x 214.06122pt.



Package fancyhdr Warning: \headheight is too small (12.0pt): 
(fancyhdr)                Make it at least 27.03389pt, for example:
(fancyhdr)                \setlength{\headheight}{27.03389pt}.
(fancyhdr)                You might also make \topmargin smaller:
(fancyhdr)                \addtolength{\topmargin}{-15.03389pt}.

[121 <./Imagenes/IndicadoresFinancierosPQ.png>]
<Imagenes/VANTIRPQ.png, id=1615, 215.30438pt x 121.20282pt>
File: Imagenes/VANTIRPQ.png Graphic file (type png)
<use Imagenes/VANTIRPQ.png>
Package pdftex.def Info: Imagenes/VANTIRPQ.png  used on input line 45.
(pdftex.def)             Requested size: 256.0748pt x 144.1684pt.
))


Package fancyhdr Warning: \headheight is too small (12.0pt): 
(fancyhdr)                Make it at least 27.03389pt, for example:
(fancyhdr)                \setlength{\headheight}{27.03389pt}.
(fancyhdr)                You might also make \topmargin smaller:
(fancyhdr)                \addtolength{\topmargin}{-15.03389pt}.

[122 <./Imagenes/FlujoCajaLibrePQ.png> <./Imagenes/VANTIRPQ.png>]
(Contenido/11. Análisis Interno y Externo/AnalisisIntExt.tex


Package fancyhdr Warning: \headheight is too small (12.0pt): 
(fancyhdr)                Make it at least 27.03389pt, for example:
(fancyhdr)                \setlength{\headheight}{27.03389pt}.
(fancyhdr)                You might also make \topmargin smaller:
(fancyhdr)                \addtolength{\topmargin}{-15.03389pt}.

[123] (Contenido/11. Análisis Interno y Externo/MatrizPEYEA.tex
<Imagenes/MatrizPeyeaCuadrantes.png, id=1627, 749.80125pt x 537.50812pt>
File: Imagenes/MatrizPeyeaCuadrantes.png Graphic file (type png)
<use Imagenes/MatrizPeyeaCuadrantes.png>
Package pdftex.def Info: Imagenes/MatrizPeyeaCuadrantes.png  used on input line
 27.
(pdftex.def)             Requested size: 341.43306pt x 244.76341pt.



Package fancyhdr Warning: \headheight is too small (12.0pt): 
(fancyhdr)                Make it at least 27.03389pt, for example:
(fancyhdr)                \setlength{\headheight}{27.03389pt}.
(fancyhdr)                You might also make \topmargin smaller:
(fancyhdr)                \addtolength{\topmargin}{-15.03389pt}.

[124

]


Package fancyhdr Warning: \headheight is too small (12.0pt): 
(fancyhdr)                Make it at least 27.03389pt, for example:
(fancyhdr)                \setlength{\headheight}{27.03389pt}.
(fancyhdr)                You might also make \topmargin smaller:
(fancyhdr)                \addtolength{\topmargin}{-15.03389pt}.

[125 <./Imagenes/MatrizPeyeaCuadrantes.png>]


Package fancyhdr Warning: \headheight is too small (12.0pt): 
(fancyhdr)                Make it at least 27.03389pt, for example:
(fancyhdr)                \setlength{\headheight}{27.03389pt}.
(fancyhdr)                You might also make \topmargin smaller:
(fancyhdr)                \addtolength{\topmargin}{-15.03389pt}.

[126]


Package fancyhdr Warning: \headheight is too small (12.0pt): 
(fancyhdr)                Make it at least 27.03389pt, for example:
(fancyhdr)                \setlength{\headheight}{27.03389pt}.
(fancyhdr)                You might also make \topmargin smaller:
(fancyhdr)                \addtolength{\topmargin}{-15.03389pt}.

[127]

Package fancyhdr Warning: \headheight is too small (12.0pt): 
(fancyhdr)                Make it at least 27.03389pt, for example:
(fancyhdr)                \setlength{\headheight}{27.03389pt}.
(fancyhdr)                You might also make \topmargin smaller:
(fancyhdr)                \addtolength{\topmargin}{-15.03389pt}.

[128]

Package fancyhdr Warning: \headheight is too small (12.0pt): 
(fancyhdr)                Make it at least 27.03389pt, for example:
(fancyhdr)                \setlength{\headheight}{27.03389pt}.
(fancyhdr)                You might also make \topmargin smaller:
(fancyhdr)                \addtolength{\topmargin}{-15.03389pt}.

[129]


Package fancyhdr Warning: \headheight is too small (12.0pt): 
(fancyhdr)                Make it at least 27.03389pt, for example:
(fancyhdr)                \setlength{\headheight}{27.03389pt}.
(fancyhdr)                You might also make \topmargin smaller:
(fancyhdr)                \addtolength{\topmargin}{-15.03389pt}.

[130]
<Imagenes/ResultadoMatrizPEYEA.png, id=1666, 348.55219pt x 264.23718pt>
File: Imagenes/ResultadoMatrizPEYEA.png Graphic file (type png)
<use Imagenes/ResultadoMatrizPEYEA.png>
Package pdftex.def Info: Imagenes/ResultadoMatrizPEYEA.png  used on input line 
289.
(pdftex.def)             Requested size: 341.43306pt x 258.8539pt.



Package fancyhdr Warning: \headheight is too small (12.0pt): 
(fancyhdr)                Make it at least 27.03389pt, for example:
(fancyhdr)                \setlength{\headheight}{27.03389pt}.
(fancyhdr)                You might also make \topmargin smaller:
(fancyhdr)                \addtolength{\topmargin}{-15.03389pt}.

[131]


Package fancyhdr Warning: \headheight is too small (12.0pt): 
(fancyhdr)                Make it at least 27.03389pt, for example:
(fancyhdr)                \setlength{\headheight}{27.03389pt}.
(fancyhdr)                You might also make \topmargin smaller:
(fancyhdr)                \addtolength{\topmargin}{-15.03389pt}.

[132 <./Imagenes/ResultadoMatrizPEYEA.png>])
(Contenido/11. Análisis Interno y Externo/MatrizDOFA.tex
<Imagenes/MatrizDOFAEjemplo.png, id=1680, 585.18625pt x 546.04pt>
File: Imagenes/MatrizDOFAEjemplo.png Graphic file (type png)
<use Imagenes/MatrizDOFAEjemplo.png>
Package pdftex.def Info: Imagenes/MatrizDOFAEjemplo.png  used on input line 10.

(pdftex.def)             Requested size: 341.43306pt x 318.60309pt.



Package fancyhdr Warning: \headheight is too small (12.0pt): 
(fancyhdr)                Make it at least 27.03389pt, for example:
(fancyhdr)                \setlength{\headheight}{27.03389pt}.
(fancyhdr)                You might also make \topmargin smaller:
(fancyhdr)                \addtolength{\topmargin}{-15.03389pt}.

[133]


Package fancyhdr Warning: \headheight is too small (12.0pt): 
(fancyhdr)                Make it at least 27.03389pt, for example:
(fancyhdr)                \setlength{\headheight}{27.03389pt}.
(fancyhdr)                You might also make \topmargin smaller:
(fancyhdr)                \addtolength{\topmargin}{-15.03389pt}.

[134 <./Imagenes/MatrizDOFAEjemplo.png (PNG copy)>]
<Imagenes/ResultadoMatrizDOFA.png, id=1691, 882.29625pt x 676.02562pt>
File: Imagenes/ResultadoMatrizDOFA.png Graphic file (type png)
<use Imagenes/ResultadoMatrizDOFA.png>
Package pdftex.def Info: Imagenes/ResultadoMatrizDOFA.png  used on input line 3
1.
(pdftex.def)             Requested size: 426.79134pt x 327.01585pt.
)
(Contenido/11. Análisis Interno y Externo/AnalisisDOFA.tex


Package fancyhdr Warning: \headheight is too small (12.0pt): 
(fancyhdr)                Make it at least 27.03389pt, for example:
(fancyhdr)                \setlength{\headheight}{27.03389pt}.
(fancyhdr)                You might also make \topmargin smaller:
(fancyhdr)                \addtolength{\topmargin}{-15.03389pt}.

[135 <./Imagenes/ResultadoMatrizDOFA.png>]


Package fancyhdr Warning: \headheight is too small (12.0pt): 
(fancyhdr)                Make it at least 27.03389pt, for example:
(fancyhdr)                \setlength{\headheight}{27.03389pt}.
(fancyhdr)                You might also make \topmargin smaller:
(fancyhdr)                \addtolength{\topmargin}{-15.03389pt}.

[136])) (Contenido/12. Análisis de Riesgo/AnalisisRiesgo.tex


Package fancyhdr Warning: \headheight is too small (12.0pt): 
(fancyhdr)                Make it at least 27.03389pt, for example:
(fancyhdr)                \setlength{\headheight}{27.03389pt}.
(fancyhdr)                You might also make \topmargin smaller:
(fancyhdr)                \addtolength{\topmargin}{-15.03389pt}.

[137] (Contenido/12. Análisis de Riesgo/FactoresLimitantes.tex


Package fancyhdr Warning: \headheight is too small (12.0pt): 
(fancyhdr)                Make it at least 27.03389pt, for example:
(fancyhdr)                \setlength{\headheight}{27.03389pt}.
(fancyhdr)                You might also make \topmargin smaller:
(fancyhdr)                \addtolength{\topmargin}{-15.03389pt}.

[138

]) (Contenido/12. Análisis de Riesgo/FactoresExito.tex


Package fancyhdr Warning: \headheight is too small (12.0pt): 
(fancyhdr)                Make it at least 27.03389pt, for example:
(fancyhdr)                \setlength{\headheight}{27.03389pt}.
(fancyhdr)                You might also make \topmargin smaller:
(fancyhdr)                \addtolength{\topmargin}{-15.03389pt}.

[139]) (Contenido/12. Análisis de Riesgo/RiesgosLegales.tex


Package fancyhdr Warning: \headheight is too small (12.0pt): 
(fancyhdr)                Make it at least 27.03389pt, for example:
(fancyhdr)                \setlength{\headheight}{27.03389pt}.
(fancyhdr)                You might also make \topmargin smaller:
(fancyhdr)                \addtolength{\topmargin}{-15.03389pt}.

[140]) (Contenido/12. Análisis de Riesgo/RiesgosOperacionales.tex


Package fancyhdr Warning: \headheight is too small (12.0pt): 
(fancyhdr)                Make it at least 27.03389pt, for example:
(fancyhdr)                \setlength{\headheight}{27.03389pt}.
(fancyhdr)                You might also make \topmargin smaller:
(fancyhdr)                \addtolength{\topmargin}{-15.03389pt}.

[141])) (Contenido/13. Impactos/Impactos.tex


Package fancyhdr Warning: \headheight is too small (12.0pt): 
(fancyhdr)                Make it at least 27.03389pt, for example:
(fancyhdr)                \setlength{\headheight}{27.03389pt}.
(fancyhdr)                You might also make \topmargin smaller:
(fancyhdr)                \addtolength{\topmargin}{-15.03389pt}.

[142] (Contenido/13. Impactos/ImpactosSociales.tex


Package fancyhdr Warning: \headheight is too small (12.0pt): 
(fancyhdr)                Make it at least 27.03389pt, for example:
(fancyhdr)                \setlength{\headheight}{27.03389pt}.
(fancyhdr)                You might also make \topmargin smaller:
(fancyhdr)                \addtolength{\topmargin}{-15.03389pt}.

[143

]) (Contenido/13. Impactos/ImpactosAmbientales.tex)


Package fancyhdr Warning: \headheight is too small (12.0pt): 
(fancyhdr)                Make it at least 27.03389pt, for example:
(fancyhdr)                \setlength{\headheight}{27.03389pt}.
(fancyhdr)                You might also make \topmargin smaller:
(fancyhdr)                \addtolength{\topmargin}{-15.03389pt}.

[144] (Contenido/13. Impactos/ImpactosEconomicos.tex


Package fancyhdr Warning: \headheight is too small (12.0pt): 
(fancyhdr)                Make it at least 27.03389pt, for example:
(fancyhdr)                \setlength{\headheight}{27.03389pt}.
(fancyhdr)                You might also make \topmargin smaller:
(fancyhdr)                \addtolength{\topmargin}{-15.03389pt}.

[145]) (Contenido/13. Impactos/ImpactosTecnologicos.tex


Package fancyhdr Warning: \headheight is too small (12.0pt): 
(fancyhdr)                Make it at least 27.03389pt, for example:
(fancyhdr)                \setlength{\headheight}{27.03389pt}.
(fancyhdr)                You might also make \topmargin smaller:
(fancyhdr)                \addtolength{\topmargin}{-15.03389pt}.

[146])) (Contenido/14. Conclusiones/Conclusiones.tex


Package fancyhdr Warning: \headheight is too small (12.0pt): 
(fancyhdr)                Make it at least 27.03389pt, for example:
(fancyhdr)                \setlength{\headheight}{27.03389pt}.
(fancyhdr)                You might also make \topmargin smaller:
(fancyhdr)                \addtolength{\topmargin}{-15.03389pt}.

[147]) (Contenido/BB. Anexos/Anexos.tex
<Imagenes/MetodoCuadros.png, id=1770, 735.74875pt x 570.13pt>
File: Imagenes/MetodoCuadros.png Graphic file (type png)
<use Imagenes/MetodoCuadros.png>
Package pdftex.def Info: Imagenes/MetodoCuadros.png  used on input line 7.
(pdftex.def)             Requested size: 341.43306pt x 264.58574pt.



Package fancyhdr Warning: \headheight is too small (12.0pt): 
(fancyhdr)                Make it at least 27.03389pt, for example:
(fancyhdr)                \setlength{\headheight}{27.03389pt}.
(fancyhdr)                You might also make \topmargin smaller:
(fancyhdr)                \addtolength{\topmargin}{-15.03389pt}.

[148]))


Package fancyhdr Warning: \headheight is too small (12.0pt): 
(fancyhdr)                Make it at least 27.03389pt, for example:
(fancyhdr)                \setlength{\headheight}{27.03389pt}.
(fancyhdr)                You might also make \topmargin smaller:
(fancyhdr)                \addtolength{\topmargin}{-15.03389pt}.

[149 <./Imagenes/MetodoCuadros.png>]


Package fancyhdr Warning: \headheight is too small (12.0pt): 
(fancyhdr)                Make it at least 27.03389pt, for example:
(fancyhdr)                \setlength{\headheight}{27.03389pt}.
(fancyhdr)                You might also make \topmargin smaller:
(fancyhdr)                \addtolength{\topmargin}{-15.03389pt}.

[150]
Overfull \hbox (18.37175pt too wide) in paragraph at lines 110--110
[][]\OT1/ptm/m/n/12 Baca, A. (2025). \OT1/ptm/m/it/12 Dis-co-ver co-lom-bia's f
in-tech lea-ders of 2025\OT1/ptm/m/n/12 . Fin-no-sum-mit. []$https : / / www . 
^^Lnnosummit .
 []




Package fancyhdr Warning: \headheight is too small (12.0pt): 
(fancyhdr)                Make it at least 27.03389pt, for example:
(fancyhdr)                \setlength{\headheight}{27.03389pt}.
(fancyhdr)                You might also make \topmargin smaller:
(fancyhdr)                \addtolength{\topmargin}{-15.03389pt}.

[151


]
Overfull \hbox (5.79213pt too wide) in paragraph at lines 110--110
[][]\OT1/ptm/m/n/12 Calzadilla, C. (2026). \OT1/ptm/m/it/12 ?`Qu[]e es el Ed-Te
ch y por qu[]e es tan im-por-tan-te?. []$\OT1/ptm/m/n/12 https : / / www . mund
oposgrado .
 []




Package fancyhdr Warning: \headheight is too small (12.0pt): 
(fancyhdr)                Make it at least 27.03389pt, for example:
(fancyhdr)                \setlength{\headheight}{27.03389pt}.
(fancyhdr)                You might also make \topmargin smaller:
(fancyhdr)                \addtolength{\topmargin}{-15.03389pt}.

[152]


Package fancyhdr Warning: \headheight is too small (12.0pt): 
(fancyhdr)                Make it at least 27.03389pt, for example:
(fancyhdr)                \setlength{\headheight}{27.03389pt}.
(fancyhdr)                You might also make \topmargin smaller:
(fancyhdr)                \addtolength{\topmargin}{-15.03389pt}.

[153]
Overfull \hbox (3.92967pt too wide) in paragraph at lines 110--110
[][]\OT1/ptm/m/n/12 Direcci[]on de Im-pues-tos y Adua-nas Na-cio-na-les. (2021)
. \OT1/ptm/m/it/12 Re-so-lu-ci[]on 70 de 2021\OT1/ptm/m/n/12 . []$https : / / n
ormograma .
 []




Package fancyhdr Warning: \headheight is too small (12.0pt): 
(fancyhdr)                Make it at least 27.03389pt, for example:
(fancyhdr)                \setlength{\headheight}{27.03389pt}.
(fancyhdr)                You might also make \topmargin smaller:
(fancyhdr)                \addtolength{\topmargin}{-15.03389pt}.

[154]
Overfull \hbox (8.28787pt too wide) in paragraph at lines 110--110
[][]\OT1/ptm/m/n/12 Gratton, P. (2025). \OT1/ptm/m/it/12 Por-ter's fi-ve for-ce
s ex-plai-ned and how to use the mo-del\OT1/ptm/m/n/12 . []$https : / / www . i
nvestopedia .
 []




Package fancyhdr Warning: \headheight is too small (12.0pt): 
(fancyhdr)                Make it at least 27.03389pt, for example:
(fancyhdr)                \setlength{\headheight}{27.03389pt}.
(fancyhdr)                You might also make \topmargin smaller:
(fancyhdr)                \addtolength{\topmargin}{-15.03389pt}.

[155]

Package biblatex Warning: No driver for 'standard'.
(biblatex)                Using fallback driver on input line 109.


Package biblatex Warning: No driver for 'standard'.
(biblatex)                Using fallback driver on input line 109.


Package biblatex Warning: No driver for 'standard'.
(biblatex)                Using fallback driver on input line 109.


Package biblatex Warning: No driver for 'standard'.
(biblatex)                Using fallback driver on input line 109.


Package biblatex Warning: No driver for 'standard'.
(biblatex)                Using fallback driver on input line 109.


Package biblatex Warning: No driver for 'standard'.
(biblatex)                Using fallback driver on input line 109.


Package biblatex Warning: No driver for 'standard'.
(biblatex)                Using fallback driver on input line 109.




Package fancyhdr Warning: \headheight is too small (12.0pt): 
(fancyhdr)                Make it at least 27.03389pt, for example:
(fancyhdr)                \setlength{\headheight}{27.03389pt}.
(fancyhdr)                You might also make \topmargin smaller:
(fancyhdr)                \addtolength{\topmargin}{-15.03389pt}.

[156]

Package biblatex Warning: No driver for 'standard'.
(biblatex)                Using fallback driver on input line 109.




Package fancyhdr Warning: \headheight is too small (12.0pt): 
(fancyhdr)                Make it at least 27.03389pt, for example:
(fancyhdr)                \setlength{\headheight}{27.03389pt}.
(fancyhdr)                You might also make \topmargin smaller:
(fancyhdr)                \addtolength{\topmargin}{-15.03389pt}.

[157]


Package fancyhdr Warning: \headheight is too small (12.0pt): 
(fancyhdr)                Make it at least 27.03389pt, for example:
(fancyhdr)                \setlength{\headheight}{27.03389pt}.
(fancyhdr)                You might also make \topmargin smaller:
(fancyhdr)                \addtolength{\topmargin}{-15.03389pt}.

[158]


Package fancyhdr Warning: \headheight is too small (12.0pt): 
(fancyhdr)                Make it at least 27.03389pt, for example:
(fancyhdr)                \setlength{\headheight}{27.03389pt}.
(fancyhdr)                You might also make \topmargin smaller:
(fancyhdr)                \addtolength{\topmargin}{-15.03389pt}.

[159]
Overfull \hbox (28.27754pt too wide) in paragraph at lines 110--110
[][]\OT1/ptm/m/n/12 Universidad del Ro-sa-rio. (2026). \OT1/ptm/m/it/12 Edu-ca-
ci[]on Fi-nan-cie-ra pa-ra Ni[]nos y J[]ove-nes\OT1/ptm/m/n/12 . []$https : / /
 educacioncontinua .
 []




Package fancyhdr Warning: \headheight is too small (12.0pt): 
(fancyhdr)                Make it at least 27.03389pt, for example:
(fancyhdr)                \setlength{\headheight}{27.03389pt}.
(fancyhdr)                You might also make \topmargin smaller:
(fancyhdr)                \addtolength{\topmargin}{-15.03389pt}.

[160] (Proyecto.aux
LaTeX Info: Redefining \sptext on input line 14.
LaTeX Info: Redefining \. on input line 14.
LaTeX Info: Redefining \% on input line 14.
 (Contenido/Indice.aux))
 ***********
LaTeX2e <2025-06-01> patch level 1
L3 programming layer <2025-08-13>
 ***********
Package logreq Info: Writing requests to 'Proyecto.run.xml'.
\openout1 = `Proyecto.run.xml'.

 ) 
Here is how much of TeX's memory you used:
 29515 strings out of 468132
 577295 string characters out of 5430698
 1484240 words of memory out of 5000000
 56996 multiletter control sequences out of 15000+600000
 648875 words of font info for 90 fonts, out of 8000000 for 9000
 1141 hyphenation exceptions out of 8191
 63i,19n,90p,1267b,2903s stack positions out of 10000i,1000n,20000p,200000b,200000s
<C:/Users/david/AppData/Local/Programs/MiKTeX/fonts/type1/public/amsfonts/cm/
cmmi12.pfb><C:/Users/david/AppData/Local/Programs/MiKTeX/fonts/type1/public/ams
fonts/cm/cmr12.pfb><C:/Users/david/AppData/Local/Programs/MiKTeX/fonts/type1/pu
blic/amsfonts/cm/cmsy10.pfb><C:/Users/david/AppData/Local/Programs/MiKTeX/fonts
/type1/public/amsfonts/cm/cmsy6.pfb><C:/Users/david/AppData/Local/Programs/MiKT
eX/fonts/type1/urw/courier/ucrr8a.pfb><C:/Users/david/AppData/Local/Programs/Mi
KTeX/fonts/type1/urw/times/utmb8a.pfb><C:/Users/david/AppData/Local/Programs/Mi
KTeX/fonts/type1/urw/times/utmbi8a.pfb><C:/Users/david/AppData/Local/Programs/M
iKTeX/fonts/type1/urw/times/utmr8a.pfb><C:/Users/david/AppData/Local/Programs/M
iKTeX/fonts/type1/urw/times/utmri8a.pfb>
Output written on Proyecto.pdf (171 pages, 6322360 bytes).
PDF statistics:
 2587 PDF objects out of 2984 (max. 8388607)
 541 named destinations out of 1000 (max. 500000)
 1424 words of extra memory for PDF output out of 10000 (max. 10000000)

